Date,SHK126,SHK127,SHK128,SHK129,SHK130,SHK131,SHK136,SHK137,SHK145
2000-12-01,10.0,10.0,10.0,10.0,10.0,10,,,
2000-12-08,10.0,10.0,10.0,10.0,10.0,10,,,
2000-12-15,9.806,9.735,9.893,10.007,9.481,10.002,,,
2000-12-22,9.849,9.559,9.515,10.015,9.406,9.264,,,
2000-12-29,10.021,9.646,9.595,10.051,9.545,9.333,,,
2001-01-05,10.264,9.637,9.669,10.036,9.556,9.213,,,
2001-01-12,10.038,9.631,9.342,9.992,9.802,8.93,,,
2001-01-19,10.341,9.777,9.589,10.016,9.941,9.3,,,
2001-01-26,10.347,9.854,9.581,9.992,10.168,9.293,,,
2001-02-02,10.282,9.82,9.656,9.96,10.062,9.316,,,
2001-02-09,10.131,9.557,9.474,9.634,9.822,9.2,,,
2001-02-16,10.045,9.44,9.411,9.469,9.755,9.086,,,
2001-02-23,9.983,9.097,9.299,9.014,9.316,9.089,,,
2001-03-02,9.383,9.008,8.936,9.058,9.242,8.725,,,
2001-03-09,9.519,9.037,9.006,9.113,9.173,8.933,,,
2001-03-16,9.085,8.383,8.477,8.433,8.537,8.471,,,
2001-03-23,8.582,8.326,8.565,8.108,8.443,9.019,,,
2001-03-30,8.684,8.501,8.474,8.534,8.597,8.987,,,
2001-04-06,8.469,8.432,8.504,8.499,8.287,9.271,,,
2001-04-13,8.879,8.71,8.587,8.844,8.719,9.202,,,
2001-04-20,9.196,9.022,8.976,8.971,9.142,9.522,,,
2001-04-27,9.168,9.142,9.031,9.113,9.229,9.706,,,
2001-05-04,9.18,9.286,9.391,9.036,9.389,10.193,,,
2001-05-11,9.412,9.157,9.252,9.035,9.249,9.925,,,
2001-05-18,9.376,9.331,9.226,9.168,9.621,9.802,,,
2001-05-25,9.555,9.296,9.436,9.023,9.574,10.001,,,
2001-06-01,9.152,9.113,9.171,8.923,9.405,9.714,,,
2001-06-08,9.595,9.154,9.334,8.922,9.458,9.735,,,
2001-06-15,9.041,8.776,8.95,8.679,9.022,9.22,,,
2001-06-22,9.091,8.777,8.9,8.633,9.076,9.312,,,
2001-06-29,9.003,8.814,8.897,8.604,9.193,9.303,,,
2001-07-06,8.957,8.69,8.73,8.451,9.11,9.049,,,
2001-07-13,8.757,8.607,8.483,8.317,9.097,8.86,,,
2001-07-20,8.548,8.516,8.283,8.318,8.983,8.544,,,
2001-07-27,8.433,8.469,8.235,8.317,8.901,8.489,,,
2001-08-03,8.465,8.586,8.482,8.473,8.95,8.703,,,
2001-08-10,8.099,8.361,8.325,8.237,8.699,8.542,,,
2001-08-17,8.161,8.284,8.453,8.24,8.487,8.63,,,
2001-08-24,7.89,8.351,8.264,8.473,8.584,8.415,,,
2001-08-31,7.866,8.081,8.104,8.217,8.264,8.131,,,
2001-09-07,7.392,7.665,7.804,7.619,7.9,7.782,,,
2001-09-14,7.379,7.632,7.724,7.536,7.927,7.644,,,
2001-09-21,6.382,6.686,6.879,6.411,6.935,7.2,,,
2001-09-28,6.94,7.145,7.101,7.075,7.397,7.354,,,
2001-10-05,7.169,7.352,7.319,7.302,7.597,7.536,,,
2001-10-12,7.15,7.463,7.44,7.418,7.708,7.668,,,
2001-10-19,6.947,7.32,7.393,7.296,7.505,7.645,,,
2001-10-26,7.277,7.526,7.621,7.562,7.668,7.874,,,
2001-11-02,7.131,7.398,7.431,7.503,7.546,7.561,,,
2001-11-09,7.44,7.528,7.599,7.674,7.693,7.443,,,
2001-11-16,7.883,7.667,7.844,7.77,7.83,7.546,,,
2001-11-23,7.905,7.703,7.944,7.724,7.907,7.534,,,
2001-11-30,7.717,7.611,7.828,7.572,7.85,7.469,,,
2001-12-07,8.218,7.793,8.226,7.851,7.971,7.359,,,
2001-12-14,8.021,7.511,7.888,7.535,7.71,7.049,,,
2001-12-21,7.872,7.613,7.723,7.739,7.867,6.916,,,
2001-12-28,8.016,7.76,7.949,7.86,8.015,7.084,,,
2002-01-04,8.193,7.853,8.256,7.913,8.073,7.191,,,
2002-01-11,7.947,7.64,7.999,7.771,7.849,6.861,,,
2002-01-18,7.811,7.494,7.872,7.619,7.679,6.818,,,
2002-01-25,7.689,7.535,7.967,7.591,7.765,6.628,,,
2002-02-01,7.607,7.426,7.844,7.44,7.678,6.474,,,
2002-02-08,7.513,7.265,7.806,7.305,7.435,6.505,,,
2002-02-15,7.763,7.397,8.149,7.393,7.5,6.773,,,
2002-02-22,7.616,7.266,8.053,7.136,7.4,6.837,,,
2002-03-01,7.377,7.5,8.236,7.36,7.681,7.122,,,
2002-03-08,7.855,7.823,8.791,7.648,7.948,7.83,,,
2002-03-15,7.84,7.822,8.764,7.686,7.936,7.617,,,
2002-03-22,7.653,7.729,8.658,7.644,7.807,7.364,,,
2002-03-29,7.775,7.759,8.73,7.689,7.81,7.482,,,
2002-04-05,7.667,7.693,8.803,7.62,7.651,7.59,,,
2002-04-12,7.626,7.578,8.558,7.518,7.603,7.312,,,
2002-04-19,7.978,7.772,9.044,7.646,7.674,7.682,,,
2002-04-26,8.059,7.584,9.047,7.469,7.353,7.8,,,
2002-05-03,8.365,7.587,9.08,7.458,7.32,7.781,,,
2002-05-10,8.267,7.483,8.918,7.423,7.182,7.73,,,
2002-05-17,8.501,7.739,9.277,7.533,7.501,7.986,,,
2002-05-24,8.269,7.647,9.364,7.425,7.325,8.288,,,
2002-05-31,8.016,7.514,9.172,7.362,7.218,8.219,,,
2002-06-07,8.017,7.313,9.039,7.024,6.956,7.998,,,
2002-06-14,7.804,7.109,8.865,6.692,6.77,7.63,,,
2002-06-21,7.515,6.953,8.523,6.666,6.677,7.298,,,
2002-06-28,7.511,7.006,8.646,6.826,6.639,7.579,,,
2002-07-05,7.685,7.048,8.874,6.764,6.562,7.659,,,
2002-07-12,7.555,6.768,8.913,6.272,6.102,7.658,,,
2002-07-19,7.289,6.478,8.636,6.04,5.698,7.425,,,
2002-07-26,6.87,6.191,8.035,5.729,5.687,6.906,,,
2002-08-02,7.018,6.241,8.071,5.746,5.746,6.894,,,
2002-08-09,6.914,6.345,7.98,6.019,5.976,6.994,,,
2002-08-16,7.028,6.455,8.201,6.023,6.077,7.008,,,
2002-08-23,7.113,6.502,8.207,6.07,6.139,6.922,,,
2002-08-30,6.941,6.359,8.076,5.929,5.972,6.818,,,
2002-09-06,6.783,6.168,7.724,5.799,5.814,6.405,,,
2002-09-13,6.743,6.103,7.77,5.587,5.757,6.494,,,
2002-09-20,6.526,5.85,7.598,5.266,5.433,6.462,,,
2002-09-27,6.543,5.765,7.449,5.289,5.318,6.545,,,
2002-10-04,6.352,5.549,7.157,5.131,5.058,6.16,,,
2002-10-11,6.279,5.532,6.773,5.282,5.235,5.863,,,
2002-10-18,6.698,5.922,7.376,5.519,5.575,6.149,,,
2002-10-25,6.799,5.917,7.316,5.42,5.663,6.023,,,
2002-11-01,6.58,5.899,7.249,5.468,5.696,6.079,,,
2002-11-08,6.816,5.974,7.453,5.484,5.665,6.115,,,
2002-11-15,6.927,6.026,7.384,5.611,5.75,5.97,,,
2002-11-22,7.015,6.14,7.452,5.773,5.875,6.037,,,
2002-11-29,7.036,6.199,7.688,5.699,5.919,6.335,,,
2002-12-06,6.966,6.03,7.404,5.522,5.772,5.986,,,
2002-12-13,6.806,5.908,7.322,5.351,5.643,5.855,,,
2002-12-20,6.74,5.915,7.311,5.375,5.671,5.806,,,
2002-12-27,6.612,5.823,7.291,5.281,5.549,6.026,,,
2003-01-03,6.708,5.964,7.313,5.518,5.738,5.994,,,
2003-01-10,6.81,6.002,7.289,5.511,5.847,5.951,,,
2003-01-17,6.738,5.949,7.451,5.349,5.711,6.185,,,
2003-01-24,6.682,5.764,7.412,5.056,5.44,6.245,,,
2003-01-31,6.585,5.648,7.15,5.03,5.332,5.903,,,
2003-02-07,6.508,5.54,7.061,4.903,5.208,5.932,,,
2003-02-14,6.529,5.54,7.059,4.935,5.197,6.051,,,
2003-02-21,6.563,5.607,7.148,4.944,5.297,5.989,,,
2003-02-28,6.472,5.499,6.994,4.786,5.254,5.872,,,
2003-03-07,6.321,5.334,6.769,4.561,5.158,5.683,,,
2003-03-14,6.334,5.342,6.657,4.68,5.165,5.515,,,
2003-03-21,6.533,5.62,6.841,4.98,5.53,5.571,,,
2003-03-28,6.338,5.462,6.793,4.761,5.335,5.652,,,
2003-04-04,6.287,5.503,6.695,4.923,5.407,5.488,,,
2003-04-11,6.146,5.5,6.709,4.969,5.362,5.419,,,
2003-04-18,6.076,5.628,6.78,5.129,5.552,5.414,,,
2003-04-25,5.957,5.561,6.581,5.11,5.572,5.36,,,
2003-05-02,6.245,5.772,6.873,5.252,5.772,5.564,,,
2003-05-09,6.389,5.866,7.089,5.287,5.818,5.765,,,
2003-05-16,6.466,5.934,7.115,5.396,5.906,5.797,,,
2003-05-23,6.68,5.943,7.203,5.317,5.853,5.792,,,
2003-05-30,6.781,6.099,7.298,5.494,6.049,5.853,,,
2003-06-06,6.941,6.272,7.594,5.665,6.159,6.11,,,
2003-06-13,7.09,6.323,7.749,5.672,6.149,6.203,,,
2003-06-20,7.11,6.391,7.856,5.781,6.178,6.31,,,
2003-06-27,6.97,6.271,7.776,5.596,6.077,6.325,,,
2003-07-04,6.95,6.356,8.082,5.531,6.156,6.726,,,
2003-07-11,7.205,6.437,8.162,5.583,6.249,6.732,,,
2003-07-18,7.385,6.393,8.111,5.497,6.191,6.637,,,
2003-07-25,7.223,6.454,8.226,5.571,6.244,6.743,,,
2003-08-01,7.463,6.436,8.269,5.523,6.144,6.707,,,
2003-08-08,7.228,6.366,8.065,5.586,6.089,6.494,,,
2003-08-15,7.561,6.545,8.48,5.688,6.167,6.934,,,
2003-08-22,7.969,6.668,8.891,5.65,6.196,7.38,,,
2003-08-29,8.099,6.702,8.899,5.581,6.321,7.439,,,
2003-09-05,8.348,6.847,9.079,5.735,6.426,7.596,,,
2003-09-12,8.085,6.799,9.087,5.743,6.37,7.501,,,
2003-09-19,8.074,6.915,9.055,5.812,6.527,7.88,,,
2003-09-26,8.391,6.77,8.981,5.688,6.258,7.613,,,
2003-10-03,8.657,7.0,9.201,5.855,6.456,8.135,,,
2003-10-10,8.856,7.111,9.5,5.865,6.538,8.292,,,
2003-10-17,8.934,7.165,9.559,5.917,6.548,8.467,,,
2003-10-24,8.659,7.043,9.4,5.857,6.521,7.969,,,
2003-10-31,8.933,7.206,9.654,5.922,6.671,8.218,,,
2003-11-07,8.954,7.271,9.76,5.97,6.763,8.248,,,
2003-11-14,8.894,7.256,9.725,6.079,6.741,7.942,,,
2003-11-21,8.521,7.073,9.339,5.975,6.659,7.607,,,
2003-11-28,8.899,7.253,9.494,6.09,6.825,7.885,,,
2003-12-05,8.96,7.328,9.653,6.179,6.813,8.109,,,
2003-12-12,9.205,7.371,9.813,6.219,6.837,7.895,,,
2003-12-19,9.02,7.424,9.732,6.355,6.928,7.92,,,
2003-12-26,9.116,7.469,9.818,6.375,6.975,7.935,,,
2004-01-02,9.467,7.682,10.222,6.548,7.065,8.307,,,
2004-01-09,9.863,7.856,10.579,6.669,7.14,8.507,,,
2004-01-16,9.794,7.841,10.506,6.55,7.255,8.435,,,
2004-01-23,10.32,7.979,10.7,6.703,7.295,8.529,,,
2004-01-30,9.969,7.825,10.539,6.557,7.188,8.361,,,
2004-02-06,9.997,7.861,10.513,6.656,7.236,8.218,,,
2004-02-13,10.258,7.988,10.97,6.693,7.254,8.305,,,
2004-02-20,10.334,7.986,10.964,6.715,7.251,8.219,,,
2004-02-27,10.327,7.973,10.883,6.654,7.259,8.43,,,
2004-03-05,10.045,8.048,10.895,6.772,7.366,8.707,,,
2004-03-12,9.598,7.763,10.428,6.477,7.169,8.524,,,
2004-03-19,9.589,7.831,10.709,6.465,7.085,8.994,,,
2004-03-26,9.351,7.786,10.396,6.344,7.109,9.478,,,
2004-04-02,9.58,8.027,10.821,6.547,7.326,9.563,,,
2004-04-09,9.746,8.096,11.03,6.562,7.346,9.726,,,
2004-04-16,9.382,7.942,10.708,6.552,7.267,9.468,,,
2004-04-23,9.236,7.946,10.747,6.504,7.316,9.538,,,
2004-04-30,8.82,7.665,10.064,6.436,7.062,9.227,,,
2004-05-07,8.805,7.577,10.009,6.402,7.019,8.784,,,
2004-05-14,8.274,7.338,9.463,6.295,6.981,8.327,,,
2004-05-21,8.521,7.468,9.68,6.326,6.993,8.776,,,
2004-05-28,8.913,7.696,10.006,6.437,7.212,8.956,,,
2004-06-04,8.753,7.635,9.746,6.524,7.204,8.737,,,
2004-06-11,9.073,7.729,9.777,6.483,7.282,9.144,,,
2004-06-18,8.582,7.691,9.621,6.591,7.273,9.104,,,
2004-06-25,8.832,7.791,9.906,6.536,7.344,9.278,,,
2004-07-02,8.927,7.753,9.889,6.523,7.253,9.249,,,
2004-07-09,8.977,7.715,9.989,6.513,7.14,9.013,,,
2004-07-16,8.892,7.633,9.815,6.457,7.05,9.031,,,
2004-07-23,9.099,7.502,9.778,6.259,6.929,8.725,,,
2004-07-30,9.009,7.528,9.771,6.327,6.991,8.69,,,
2004-08-06,9.138,7.421,9.827,6.263,6.716,8.592,,,
2004-08-13,9.038,7.386,9.794,6.242,6.715,8.442,,,
2004-08-20,9.113,7.533,9.986,6.268,6.955,8.569,,,
2004-08-27,9.436,7.627,10.145,6.329,6.98,8.806,,,
2004-09-03,9.562,7.65,10.188,6.395,6.997,8.667,,,
2004-09-10,9.678,7.768,10.333,6.483,7.124,8.76,,,
2004-09-17,9.899,7.827,10.463,6.524,7.187,8.672,,,
2004-09-24,9.679,7.777,10.427,6.527,7.141,8.501,,,
2004-10-01,9.756,7.83,10.496,6.551,7.199,8.558,,,
2004-10-08,9.858,7.967,10.71,6.699,7.237,8.921,,,
2004-10-15,9.746,7.856,10.534,6.616,7.16,8.67,,,
2004-10-22,9.642,7.848,10.493,6.657,7.152,8.546,,,
2004-10-29,9.71,7.96,10.67,6.707,7.293,8.651,,,
2004-11-05,10.067,8.233,11.035,6.944,7.535,8.909,,,
2004-11-12,10.27,8.342,11.161,7.036,7.674,8.85,,,
2004-11-19,10.355,8.376,11.391,7.039,7.58,9.112,,,
2004-11-26,10.515,8.447,11.43,7.101,7.709,8.937,,,
2004-12-03,10.667,8.546,11.564,7.181,7.763,9.121,,,
2004-12-10,10.449,8.39,11.181,7.105,7.721,8.679,,,
2004-12-17,10.559,8.515,11.506,7.155,7.823,8.972,,,
2004-12-24,10.681,8.662,11.683,7.343,7.881,9.23,,,
2004-12-31,10.747,8.714,11.823,7.357,7.919,9.399,,,
2005-01-07,10.236,8.522,11.503,7.286,7.693,9.217,,,
2005-01-14,10.222,8.555,11.573,7.24,7.756,9.414,,,
2005-01-21,10.195,8.5,11.579,7.225,7.673,9.244,,,
2005-01-28,10.318,8.564,11.721,7.253,7.736,9.326,,,
2005-02-04,10.271,8.732,11.869,7.411,7.991,9.323,,,
2005-02-11,10.436,8.722,11.898,7.39,7.998,9.252,,,
2005-02-18,10.599,8.825,12.112,7.563,7.943,9.443,,,
2005-02-25,10.673,8.889,12.176,7.589,8.043,9.48,,,
2005-03-04,10.416,8.986,12.251,7.702,8.124,9.711,,,
2005-03-11,10.556,8.921,12.318,7.636,7.96,9.814,,,
2005-03-18,10.54,8.806,12.234,7.548,7.781,9.781,,,
2005-03-25,10.343,8.638,11.888,7.411,7.674,9.542,,,
2005-04-01,10.318,8.656,11.928,7.457,7.668,9.531,,,
2005-04-08,10.44,8.7,11.968,7.494,7.703,9.621,,,
2005-04-15,10.394,8.473,11.697,7.346,7.411,9.264,,,
2005-04-22,10.429,8.5,11.75,7.326,7.496,9.187,,,
2005-04-29,10.544,8.443,11.707,7.174,7.476,9.233,,,
2005-05-06,10.649,8.575,11.893,7.306,7.586,9.432,,,
2005-05-13,10.572,8.433,11.787,7.172,7.48,9.179,,,
2005-05-20,10.477,8.54,11.786,7.256,7.72,9.154,,,
2005-05-27,10.487,8.61,11.881,7.321,7.8,9.212,,,
2005-06-03,10.564,8.647,12.011,7.315,7.799,9.416,,,
2005-06-10,10.646,8.669,12.127,7.341,7.813,9.337,,,
2005-06-17,10.681,8.797,12.376,7.444,7.953,9.466,,,
2005-06-24,10.9,8.722,12.341,7.404,7.757,9.49,,,
2005-07-01,10.898,8.726,12.26,7.443,7.782,9.416,,,
2005-07-08,10.76,8.744,12.095,7.458,7.91,9.343,,,
2005-07-15,11.161,8.893,12.437,7.587,8.017,9.454,,,
2005-07-22,11.359,8.961,12.805,7.61,8.061,9.481,,,
2005-07-29,11.41,9.006,12.821,7.72,8.056,9.566,,,
2005-08-05,11.521,8.995,12.899,7.767,8.022,9.445,,,
2005-08-12,11.692,9.149,13.098,7.932,8.038,10.156,,,
2005-08-19,11.427,9.05,12.755,7.794,7.977,10.136,,,
2005-08-26,11.376,8.997,12.788,7.722,7.892,10.33,,,
2005-09-02,11.559,9.153,12.912,7.951,7.991,10.447,,,
2005-09-09,11.543,9.267,13.025,8.04,8.109,10.53,,,
2005-09-16,11.428,9.247,13.06,7.976,8.08,10.674,,,
2005-09-23,11.508,9.13,12.971,7.858,7.92,10.82,,,
2005-09-30,11.723,9.302,13.263,7.982,8.036,11.266,,,
2005-10-07,11.38,9.042,12.863,7.866,7.747,10.918,,,
2005-10-14,11.116,8.964,12.647,7.737,7.672,11.118,,,
2005-10-21,11.066,8.845,12.46,7.55,7.64,10.81,,,
2005-10-28,10.816,8.949,12.333,7.599,7.777,11.03,,,
2005-11-04,11.122,9.235,12.789,7.859,7.984,11.548,,,
2005-11-11,11.212,9.313,13.002,7.871,8.08,11.623,,,
2005-11-18,11.286,9.384,13.149,7.887,8.154,11.814,,,
2005-11-25,11.554,9.49,13.228,7.976,8.286,11.772,,,
2005-12-02,11.647,9.558,13.338,8.073,8.268,12.088,,,
2005-12-09,11.511,9.572,13.37,8.164,8.233,12.087,,,
2005-12-16,11.623,9.656,13.508,8.258,8.29,12.271,,,
2005-12-23,11.732,9.71,13.738,8.258,8.296,12.695,,,
2005-12-30,11.601,9.641,13.808,8.24,8.176,12.685,,,
2006-01-06,11.96,9.99,14.238,8.621,8.405,13.297,,,
2006-01-13,12.231,10.007,14.345,8.606,8.431,13.276,,,
2006-01-20,12.181,9.842,14.095,8.526,8.292,12.771,,,
2006-01-27,12.268,10.12,14.499,8.825,8.486,13.223,,,
2006-02-03,12.093,10.026,14.3,8.758,8.381,13.191,9.999,,
2006-02-10,12.101,9.959,14.28,8.746,8.337,12.792,10.036,,
2006-02-17,12.164,10.004,14.213,8.849,8.45,12.249,10.035,,
2006-02-24,12.416,10.089,14.374,8.939,8.444,12.751,10.135,,
2006-03-03,12.427,10.073,14.363,8.925,8.475,12.483,10.221,,
2006-03-10,12.138,10.005,14.116,8.893,8.375,12.626,10.148,,
2006-03-17,12.45,10.217,14.403,9.162,8.5,13.086,10.489,,
2006-03-24,12.489,10.218,14.326,9.171,8.473,13.255,10.522,,
2006-03-31,12.58,10.281,14.654,9.197,8.463,13.739,10.724,,
2006-04-07,13.067,10.39,15.213,9.262,8.489,14.111,11.128,,
2006-04-14,13.051,10.292,15.07,9.194,8.425,13.724,11.181,,
2006-04-21,13.405,10.567,15.542,9.579,8.603,13.902,11.397,,
2006-04-28,13.172,10.557,15.552,9.585,8.597,13.811,11.205,,
2006-05-05,13.458,10.692,15.75,9.734,8.674,14.065,11.494,,
2006-05-12,13.43,10.528,15.849,9.626,8.454,13.91,11.515,,
2006-05-19,12.893,10.112,15.034,8.984,8.282,13.382,11.148,,
2006-05-26,12.558,10.141,14.721,9.163,8.303,13.133,10.745,,
2006-06-02,12.573,10.198,14.712,9.199,8.392,13.125,10.824,,
2006-06-09,12.221,9.758,14.081,8.64,8.16,12.184,10.313,,
2006-06-16,12.316,9.755,14.169,8.545,8.164,12.419,10.41,,
2006-06-23,12.241,9.783,14.019,8.683,8.156,12.361,10.303,,
2006-06-30,12.661,10.078,14.583,9.053,8.322,12.813,10.713,,
2006-07-07,12.775,10.046,14.659,9.066,8.275,12.645,10.826,,
2006-07-14,12.566,9.688,14.244,8.67,8.027,11.958,10.685,,
2006-07-21,12.733,9.693,14.334,8.715,7.993,11.947,10.813,,
2006-07-28,12.994,10.08,14.549,9.156,8.315,12.405,10.927,,
2006-08-04,12.949,10.162,14.546,9.234,8.386,12.546,10.939,,
2006-08-11,13.19,10.064,14.621,9.077,8.312,12.433,11.121,,
2006-08-18,13.349,10.365,14.903,9.3,8.582,13.041,11.242,,
2006-08-25,13.061,10.27,14.686,9.289,8.489,12.739,11.105,,
2006-09-01,13.361,10.436,15.019,9.397,8.659,12.827,11.297,,
2006-09-08,13.323,10.305,14.967,9.169,8.583,12.765,11.382,,
2006-09-15,13.349,10.417,14.937,9.232,8.763,12.502,11.4,,
2006-09-22,13.557,10.387,14.95,9.26,8.717,12.317,11.58,,
2006-09-29,13.523,10.545,15.131,9.378,8.852,12.682,11.631,,
2006-10-06,13.739,10.636,15.253,9.392,8.952,12.867,11.769,,
2006-10-13,13.745,10.788,15.39,9.596,9.084,12.803,11.901,,
2006-10-20,13.871,10.801,15.462,9.666,9.033,12.971,12.059,,
2006-10-27,13.882,10.868,15.637,9.702,9.09,13.056,12.07,,
2006-11-03,14.187,10.776,15.826,9.658,8.981,12.696,12.397,,
2006-11-10,14.413,10.896,15.992,9.83,9.114,12.32,12.591,,
2006-11-17,14.664,10.961,16.144,9.813,9.23,12.255,12.845,,
2006-11-24,14.828,11.013,16.297,9.86,9.283,12.09,13.132,,
2006-12-01,14.497,11.021,16.409,9.811,9.246,12.74,13.212,,
2006-12-08,14.669,11.149,16.406,9.947,9.371,12.8,13.388,,
2006-12-15,14.944,11.296,16.645,10.13,9.455,12.913,13.527,,
2006-12-22,15.033,11.204,16.709,10.047,9.34,12.877,13.684,,
2006-12-29,15.486,11.277,16.951,10.135,9.384,12.944,14.105,,
2007-01-05,15.693,11.213,16.829,10.04,9.33,12.944,14.153,,
2007-01-12,15.392,11.341,16.851,10.178,9.465,12.938,14.006,,
2007-01-19,15.888,11.383,17.116,10.265,9.428,13.181,14.486,,
2007-01-26,15.683,11.328,17.086,10.201,9.368,13.177,14.042,,
2007-02-02,15.926,11.582,17.384,10.431,9.636,13.279,14.142,,
2007-02-09,16.092,11.56,17.581,10.487,9.555,13.18,14.544,,
2007-02-16,16.053,11.688,17.737,10.533,9.682,13.669,14.654,,
2007-02-23,16.138,11.672,17.908,10.53,9.608,13.839,14.67,,
2007-03-02,15.086,11.13,17.003,9.985,9.152,13.326,13.783,,
2007-03-09,14.974,11.241,17.041,10.145,9.261,13.257,13.761,,
2007-03-16,14.839,11.085,17.102,10.011,9.101,12.853,13.824,,
2007-03-23,15.428,11.509,17.677,10.453,9.46,13.326,14.326,,
2007-03-30,15.559,11.428,17.763,10.429,9.339,13.221,14.451,,
2007-04-06,15.919,11.593,18.195,10.607,9.457,13.348,14.836,,
2007-04-13,15.953,11.719,18.397,10.768,9.581,13.126,15.087,,
2007-04-20,16.054,11.908,18.556,10.972,9.771,13.113,15.104,,
2007-04-27,16.056,11.901,18.484,10.995,9.774,12.942,15.207,,
2007-05-04,16.413,12.03,18.819,11.179,9.868,12.922,15.707,,
2007-05-11,16.308,11.98,18.846,11.04,9.852,12.968,15.922,,
2007-05-18,16.686,12.064,18.977,11.143,9.962,12.747,16.377,,
2007-05-25,16.494,12.035,18.957,11.11,9.91,12.895,16.501,,
2007-06-01,16.68,12.217,19.29,11.249,10.047,13.233,16.828,,
2007-06-08,16.565,11.926,19.167,10.841,9.815,13.092,16.726,,
2007-06-15,16.968,12.195,19.535,11.244,10.008,13.108,17.156,,
2007-06-22,17.64,12.047,19.999,11.071,9.787,13.204,17.699,,
2007-06-29,17.508,12.075,19.736,11.15,9.821,13.168,17.524,,
2007-07-06,18.274,12.299,20.524,11.33,10.016,13.225,18.42,,
2007-07-13,18.727,12.468,21.116,11.459,10.142,13.395,18.865,,
2007-07-20,18.864,12.331,21.372,11.303,9.967,13.379,19.248,,
2007-07-27,18.406,11.717,20.262,10.598,9.521,12.901,19.162,,
2007-08-03,18.171,11.608,20.154,10.607,9.349,12.815,18.875,,
2007-08-10,17.517,11.484,19.445,10.313,9.43,12.538,18.27,,
2007-08-17,16.073,11.177,17.706,10.191,9.352,11.438,16.337,,
2007-08-24,18.206,11.603,19.541,10.51,9.603,12.115,18.294,,
2007-08-31,19.11,11.692,20.3,10.649,9.566,12.347,19.026,,
2007-09-07,19.285,11.533,20.438,10.438,9.46,12.047,19.252,,
2007-09-14,20.157,11.681,20.818,10.629,9.606,11.819,19.674,,
2007-09-21,21.011,11.986,21.45,11.038,9.842,11.762,20.255,,
2007-09-28,22.204,12.124,22.394,11.053,9.853,12.452,21.084,,
2007-10-05,22.578,12.332,22.783,11.225,10.049,12.576,21.298,,
2007-10-12,23.52,12.448,23.293,11.395,10.092,12.654,22.303,,
2007-10-19,24.109,12.279,23.552,11.291,9.877,12.47,22.338,,
2007-10-26,24.533,12.219,23.791,11.339,9.766,12.21,22.352,,
2007-11-02,24.489,12.1,23.742,11.251,9.618,12.161,22.396,,
2007-11-09,23.125,11.709,23.258,10.997,9.219,11.581,21.585,,
2007-11-16,21.975,11.593,22.351,10.863,9.238,11.355,20.602,,
2007-11-23,20.865,11.392,21.175,10.799,9.087,11.16,19.689,,
2007-11-30,22.604,11.775,22.482,11.104,9.336,11.715,20.959,,
2007-12-07,22.783,11.875,22.781,11.182,9.405,11.86,21.128,,
2007-12-14,21.711,11.576,21.788,10.948,9.238,11.243,20.17,,
2007-12-21,21.608,11.532,21.416,10.856,9.322,10.903,20.348,,
2007-12-28,21.559,11.632,21.938,11.009,9.308,11.065,20.461,,
2008-01-04,21.763,11.231,21.721,10.629,8.91,10.884,20.59,,
2008-01-11,21.32,11.025,21.206,10.438,8.799,10.406,20.305,,
2008-01-18,19.692,10.477,20.241,9.842,8.312,10.301,18.863,,
2008-01-25,19.266,10.457,20.048,9.759,8.33,10.352,18.455,,
2008-02-01,18.586,10.717,19.856,9.938,8.686,10.354,18.077,,
2008-02-08,18.195,10.338,19.603,9.626,8.3,9.976,18.11,,
2008-02-15,18.83,10.426,19.965,9.465,8.456,10.279,18.541,,
2008-02-22,18.213,10.514,19.825,9.647,8.529,10.141,18.298,,
2008-02-29,18.888,10.566,20.306,9.779,8.439,10.411,18.658,,
2008-03-07,17.41,10.26,19.236,9.549,8.258,9.827,17.792,,
2008-03-14,16.797,10.129,18.498,9.489,8.208,9.529,16.867,,
2008-03-21,15.907,10.113,18.005,9.256,8.348,9.66,16.034,,
2008-03-28,17.459,10.317,19.109,9.671,8.277,10.006,17.263,,
2008-04-04,18.124,10.712,19.786,9.974,8.633,10.45,17.84,9.997,
2008-04-11,18.362,10.551,19.956,9.838,8.426,10.342,17.832,9.893,
2008-04-18,18.033,10.878,19.861,10.112,8.846,10.344,17.515,9.976,
2008-04-25,19.001,10.977,20.403,10.174,8.873,10.654,18.546,10.065,
2008-05-02,19.609,11.147,20.826,10.296,8.987,11.034,18.908,10.05,
2008-05-09,18.957,10.987,20.512,10.204,8.844,10.792,18.329,10.073,
2008-05-16,19.416,11.257,21.177,10.383,9.065,11.134,18.79,10.197,
2008-05-23,18.891,10.956,20.654,10.125,8.771,10.944,18.108,10.2,
2008-05-30,18.889,11.072,20.569,10.147,8.945,11.052,18.203,10.371,
2008-06-06,18.73,10.872,20.343,9.873,8.719,11.296,18.135,10.332,
2008-06-13,17.262,10.657,19.164,9.629,8.743,10.638,16.679,10.135,
2008-06-20,17.385,10.415,19.143,9.358,8.48,10.544,16.56,9.82,
2008-06-27,16.703,10.151,18.658,9.181,8.202,10.314,16.005,9.76,
2008-07-04,16.187,9.879,18.002,8.912,8.02,9.903,15.518,9.669,
2008-07-11,16.871,9.739,18.246,8.722,7.866,9.798,16.072,9.759,
2008-07-18,16.559,9.853,17.669,8.987,8.021,9.558,15.453,9.95,
2008-07-25,17.078,9.899,18.166,8.966,8.016,9.88,15.686,10.211,
2008-08-01,17.13,9.84,17.884,8.927,8.025,9.604,15.603,10.084,
2008-08-08,16.362,9.974,17.516,9.009,8.298,9.431,14.778,10.387,
2008-08-15,15.964,9.849,17.27,8.785,8.266,9.316,14.649,10.475,
2008-08-22,15.457,9.692,16.855,8.564,8.161,9.255,14.15,10.242,
2008-08-29,16.118,9.813,17.206,8.8,8.201,9.37,14.639,10.214,
2008-09-05,15.057,9.268,15.879,8.09,7.894,8.737,13.71,9.906,
2008-09-12,14.546,9.376,15.823,8.247,7.981,8.826,13.269,9.98,
2008-09-19,14.27,9.276,15.551,8.285,7.866,8.569,12.942,9.723,
2008-09-26,13.786,8.974,15.404,7.931,7.535,8.712,12.673,9.661,
2008-10-03,12.979,8.214,14.456,7.465,6.768,7.833,12.34,9.12,
2008-10-10,10.768,6.553,12.088,5.618,5.447,6.56,10.753,7.521,
2008-10-17,10.689,6.721,11.859,5.607,5.717,6.811,10.407,8.075,
2008-10-24,9.424,6.163,10.608,5.058,5.314,6.325,9.571,7.652,
2008-10-31,10.281,6.793,11.584,5.658,5.87,6.681,10.151,8.066,
2008-11-07,10.534,6.669,11.665,5.626,5.656,6.818,10.306,7.987,
2008-11-14,9.998,6.254,10.931,5.152,5.336,6.629,10.143,7.78,
2008-11-21,9.328,5.695,10.028,4.524,4.93,6.086,9.637,7.087,
2008-11-28,10.233,6.351,10.847,5.297,5.459,6.488,10.264,7.558,
2008-12-05,10.157,6.04,10.294,4.867,5.302,6.155,10.274,7.518,
2008-12-12,10.647,6.266,10.904,5.304,5.31,6.53,10.609,7.612,
2008-12-19,10.974,6.44,11.542,5.423,5.401,6.805,11.086,7.942,
2008-12-26,10.422,6.315,11.095,5.358,5.291,6.687,10.639,7.874,
2009-01-02,10.988,6.741,11.607,5.762,5.684,6.984,11.164,8.182,
2009-01-09,10.528,6.575,11.328,5.671,5.485,7.018,10.881,7.871,
2009-01-16,9.855,6.197,10.713,5.065,5.306,6.622,10.385,7.844,
2009-01-23,9.444,5.919,10.205,4.699,5.161,6.297,10.181,7.772,
2009-01-30,9.995,6.049,10.644,4.977,5.171,6.411,10.546,7.84,
2009-02-06,10.23,6.311,10.916,5.27,5.425,6.349,10.815,8.078,
2009-02-13,10.172,6.095,10.914,5.054,5.225,6.091,10.792,7.976,
2009-02-20,9.661,5.656,10.185,4.622,4.871,5.787,10.371,7.778,
2009-02-27,9.661,5.498,10.146,4.603,4.634,5.748,10.295,6.997,
2009-03-06,9.107,5.13,9.806,4.243,4.3,5.402,10.095,6.734,
2009-03-13,9.627,5.506,10.399,4.575,4.668,5.477,10.376,7.167,
2009-03-20,9.828,5.71,10.805,4.91,4.712,5.899,10.577,7.034,
2009-03-27,10.748,5.996,11.674,4.962,4.986,6.375,11.191,7.259,
2009-04-03,11.045,6.22,12.063,5.246,5.166,6.365,11.401,7.206,
2009-04-10,11.233,6.291,12.05,5.239,5.284,6.416,11.476,7.309,
2009-04-17,11.705,6.433,12.325,5.441,5.38,6.495,11.937,7.454,
2009-04-24,11.604,6.421,12.349,5.512,5.331,6.387,11.869,7.266,
2009-05-01,11.763,6.511,12.683,5.66,5.361,6.377,12.022,7.37,
2009-05-08,12.931,6.939,13.857,5.994,5.691,6.844,13.136,7.683,
2009-05-15,12.628,6.727,13.433,5.838,5.448,6.937,13.023,7.568,
2009-05-22,12.843,6.849,13.745,6.063,5.488,6.919,13.266,7.493,
2009-05-29,13.706,7.039,14.135,6.162,5.696,7.052,14.113,7.662,
2009-06-05,14.046,7.132,14.429,6.202,5.801,7.042,14.581,7.645,
2009-06-12,14.04,7.196,14.502,6.265,5.82,7.33,14.568,7.624,
2009-06-19,13.339,6.996,13.879,6.066,5.69,7.13,14.072,7.743,
2009-06-26,13.848,6.98,14.104,5.966,5.674,7.271,14.554,7.774,
2009-07-03,13.538,6.903,14.057,5.926,5.585,7.166,14.552,7.626,
2009-07-10,13.093,6.735,13.851,5.697,5.484,6.941,14.231,7.602,
2009-07-17,13.913,7.165,14.613,6.153,5.868,6.946,14.893,7.857,
2009-07-24,14.923,7.441,15.308,6.434,6.059,7.266,15.621,8.17,
2009-07-31,15.373,7.562,15.876,6.552,6.095,7.507,16.036,8.233,
2009-08-07,15.038,7.687,15.754,6.805,6.2,7.372,15.663,8.209,
2009-08-14,15.327,7.692,16.05,6.773,6.149,7.685,15.779,8.217,
2009-08-21,14.895,7.797,15.602,6.996,6.289,7.479,15.414,8.439,
2009-08-28,14.855,7.862,16.008,7.07,6.281,7.715,15.283,8.433,
2009-09-04,15.093,7.76,16.155,6.903,6.22,7.496,15.613,8.425,
2009-09-11,15.706,8.054,16.829,7.29,6.412,7.742,16.144,8.56,
2009-09-18,15.92,8.214,17.181,7.455,6.594,7.594,16.24,8.609,
2009-09-25,15.543,8.068,17.056,7.245,6.467,7.576,15.864,8.486,
2009-10-02,15.05,7.916,16.749,7.096,6.369,7.2,15.638,8.39,
2009-10-09,15.881,8.226,17.429,7.374,6.656,7.429,16.508,8.581,
2009-10-16,16.126,8.285,17.662,7.475,6.685,7.403,16.702,8.663,
2009-10-23,16.746,8.25,17.824,7.512,6.594,7.387,17.3,8.558,
2009-10-30,16.112,7.959,17.004,7.201,6.338,7.351,16.741,8.391,
2009-11-06,16.285,8.104,17.171,7.345,6.518,7.193,17.179,8.713,
2009-11-13,16.904,8.268,17.67,7.559,6.642,7.198,17.719,8.879,
2009-11-20,16.746,8.171,17.639,7.463,6.57,6.974,17.631,8.938,
2009-11-27,15.969,8.142,17.001,7.495,6.572,6.876,16.917,9.004,
2009-12-04,17.152,8.351,17.86,7.646,6.685,7.414,18.072,9.077,
2009-12-11,16.703,8.28,17.671,7.46,6.682,7.445,17.817,9.148,
2009-12-18,15.991,8.229,17.318,7.334,6.709,7.406,17.175,9.109,
2009-12-25,16.343,8.437,17.717,7.551,6.895,7.536,17.504,9.337,
2010-01-01,16.624,8.413,18.031,7.599,6.812,7.439,17.847,9.251,
2010-01-08,17.105,8.638,18.403,7.775,7.015,7.683,18.176,9.373,
2010-01-15,16.719,8.618,18.374,7.727,6.925,8.021,18.051,9.456,
2010-01-22,15.941,8.302,17.511,7.453,6.672,7.804,17.253,9.306,
2010-01-29,15.309,8.057,16.773,7.278,6.519,7.398,16.474,9.205,
2010-02-05,15.057,7.906,16.304,6.929,6.507,7.403,16.117,9.091,
2010-02-12,15.497,8.01,16.676,7.024,6.608,7.354,16.577,9.178,
2010-02-19,15.184,8.184,16.682,7.253,6.807,7.237,16.366,9.335,
2010-02-26,15.66,8.15,16.794,7.172,6.756,7.398,16.738,9.339,
2010-03-05,15.872,8.408,17.304,7.46,6.974,7.45,17.16,9.787,
2010-03-12,16.313,8.536,17.657,7.575,7.049,7.635,17.483,9.798,
2010-03-19,16.552,8.57,17.861,7.555,7.08,7.717,17.844,9.99,
2010-03-26,16.263,8.589,17.799,7.601,7.096,7.728,17.688,9.895,
2010-04-02,16.65,8.744,18.127,7.76,7.178,7.899,18.055,9.968,
2010-04-09,17.14,8.818,18.43,7.735,7.278,7.918,18.52,9.935,
2010-04-16,16.766,8.807,18.324,7.717,7.269,8.009,18.322,9.826,
2010-04-23,16.268,8.805,18.034,7.677,7.389,7.804,18.07,9.843,
2010-04-30,16.197,8.633,17.994,7.456,7.164,7.904,17.974,9.605,
2010-05-07,15.03,7.964,16.656,6.635,6.691,7.642,16.84,9.132,
2010-05-14,15.255,8.146,17.1,6.856,6.841,7.628,17.257,9.309,
2010-05-21,14.476,7.731,15.96,6.577,6.483,7.417,16.272,8.939,
2010-05-28,14.888,7.865,16.235,6.751,6.629,7.218,16.741,9.001,
2010-06-04,14.895,7.774,16.323,6.639,6.496,7.252,16.73,8.921,
2010-06-11,14.818,7.878,16.318,6.808,6.651,7.061,16.663,8.996,
2010-06-18,15.207,8.108,16.794,7.081,6.806,7.211,17.093,9.122,
2010-06-25,15.413,7.856,16.71,6.821,6.525,7.121,17.324,8.878,
2010-07-02,14.744,7.569,16.151,6.637,6.251,6.835,16.628,8.524,
2010-07-09,15.167,7.926,16.765,6.989,6.555,7.072,17.084,8.951,
2010-07-16,15.134,7.902,16.831,7.028,6.496,7.028,16.953,8.876,
2010-07-23,15.592,8.069,17.191,7.203,6.671,6.958,17.595,8.799,
2010-07-30,15.731,8.115,17.339,7.297,6.637,7.061,17.758,8.833,
2010-08-06,16.088,8.302,17.759,7.528,6.759,7.216,18.115,9.165,
2010-08-13,15.72,7.994,17.366,7.241,6.478,6.871,17.867,8.881,
2010-08-20,15.639,7.951,17.421,7.107,6.462,6.905,17.924,8.784,
2010-08-27,15.347,7.898,17.113,7.07,6.447,6.854,17.566,8.789,
2010-09-03,15.808,8.169,17.652,7.377,6.695,6.905,18.245,9.017,
2010-09-10,16.088,8.222,17.92,7.413,6.713,6.975,18.517,9.133,
2010-09-17,16.649,8.37,18.46,7.485,6.838,7.068,19.205,9.312,
2010-09-24,16.782,8.498,18.671,7.691,6.96,7.018,19.515,9.494,
2010-10-01,17.058,8.492,18.927,7.635,6.928,7.103,20.037,9.431,
2010-10-08,17.42,8.647,19.288,7.799,7.048,7.263,20.19,9.484,
2010-10-15,17.935,8.748,19.557,7.897,7.164,7.214,20.84,9.6,
2010-10-22,17.825,8.757,19.4,7.917,7.198,7.201,21.035,9.608,
2010-10-29,17.528,8.746,19.348,7.849,7.236,7.165,20.89,9.605,
2010-11-05,18.828,9.051,20.398,8.118,7.45,7.345,22.025,9.736,
2010-11-12,18.424,8.876,19.871,7.915,7.285,7.377,21.41,9.692,
2010-11-19,18.045,8.891,19.641,7.911,7.309,7.486,21.058,9.698,
2010-11-26,17.494,8.759,19.127,7.643,7.287,7.435,20.785,9.624,
2010-12-03,18.014,9.006,19.878,7.826,7.497,7.625,21.28,9.815,
2010-12-10,17.787,9.126,19.859,7.957,7.646,7.585,20.922,9.908,
2010-12-17,17.401,9.142,19.808,7.939,7.659,7.691,20.587,10.028,
2010-12-24,17.501,9.229,19.971,8.056,7.726,7.731,20.404,10.14,
2010-12-31,17.657,9.241,20.187,8.017,7.716,7.831,20.61,10.059,
2011-01-07,18.275,9.341,20.222,7.984,7.862,7.983,20.967,10.273,
2011-01-14,18.647,9.498,20.524,8.234,7.969,8.017,21.007,10.329,
2011-01-21,18.241,9.44,20.264,8.301,7.914,7.836,20.527,10.278,
2011-01-28,17.963,9.407,20.429,8.287,7.798,7.986,20.334,10.231,
2011-02-04,18.149,9.582,20.459,8.483,7.964,8.139,20.634,10.361,
2011-02-11,17.205,9.635,19.781,8.479,8.138,8.144,19.597,10.433,
2011-02-18,17.828,9.818,20.38,8.596,8.263,8.37,20.361,10.601,
2011-02-25,17.22,9.63,19.711,8.458,8.149,8.179,19.516,10.469,
2011-03-04,17.744,9.701,20.153,8.509,8.143,8.307,20.46,10.588,
2011-03-11,17.57,9.465,19.612,8.25,8.034,7.952,20.222,10.499,
2011-03-18,16.98,9.259,19.29,8.147,7.935,7.312,19.692,10.281,
2011-03-25,17.606,9.513,20.009,8.384,8.108,7.525,20.604,10.444,
2011-04-01,18.128,9.68,20.671,8.504,8.242,7.465,21.09,10.812,
2011-04-08,18.47,9.747,21.154,8.643,8.248,7.336,21.613,10.806,
2011-04-15,18.349,9.628,21.017,8.478,8.155,7.32,21.705,10.941,
2011-04-22,18.527,9.74,21.444,8.617,8.198,7.439,22.073,10.972,
2011-04-29,18.171,9.984,21.283,8.863,8.474,7.615,21.519,11.204,
2011-05-06,17.675,9.779,20.66,8.669,8.281,7.693,20.988,11.33,
2011-05-13,17.87,9.698,20.594,8.528,8.259,7.58,21.133,11.532,
2011-05-20,17.815,9.654,20.508,8.524,8.22,7.462,20.994,11.477,
2011-05-27,17.708,9.661,20.488,8.567,8.212,7.468,20.955,11.352,
2011-06-03,17.689,9.55,20.576,8.531,8.032,7.411,20.86,11.176,
2011-06-10,17.21,9.354,20.157,8.29,7.852,7.444,20.245,10.957,
2011-06-17,16.659,9.269,19.72,8.248,7.816,7.295,19.521,10.988,
2011-06-24,17.024,9.263,19.963,8.082,7.805,7.491,20.119,10.833,
2011-07-01,17.248,9.6,20.351,8.502,8.104,7.61,20.517,11.106,
2011-07-08,17.593,9.725,20.77,8.36,8.288,7.826,20.98,11.301,
2011-07-15,17.06,9.498,20.386,8.101,8.099,7.743,20.691,11.07,
2011-07-22,17.511,9.71,20.948,8.309,8.265,7.884,21.056,11.24,
2011-07-29,17.444,9.421,20.656,8.099,7.933,7.755,21.009,10.711,
2011-08-05,16.206,8.649,19.118,7.255,7.308,7.264,19.615,9.715,
2011-08-12,15.245,8.422,18.478,7.223,7.124,6.891,18.676,9.556,
2011-08-19,14.943,8.037,18.061,6.811,6.74,6.75,18.441,9.394,
2011-08-26,14.941,8.244,18.007,6.863,7.1,6.714,18.009,9.735,
2011-09-02,15.571,8.352,18.685,7.044,7.065,6.845,18.888,9.736,
2011-09-09,15.295,8.121,18.338,6.632,6.941,6.68,18.265,9.658,
2011-09-16,14.91,8.379,17.944,6.817,7.343,6.827,17.473,9.956,
2011-09-23,13.329,7.804,16.324,6.32,6.837,6.656,15.345,9.385,
2011-09-30,13.043,7.889,16.347,6.594,6.808,6.761,14.925,9.238,
2011-10-07,13.109,8.013,16.404,6.767,6.984,6.612,15.184,9.218,
2011-10-14,13.724,8.417,17.147,7.089,7.424,6.667,16.214,9.596,
2011-10-21,13.414,8.449,16.91,7.1,7.512,6.686,15.575,9.642,
2011-10-28,14.866,8.863,18.139,7.52,7.804,6.952,17.643,10.205,
2011-11-04,14.777,8.588,17.869,7.081,7.631,6.692,17.627,9.814,
2011-11-11,14.197,8.571,17.392,7.09,7.716,6.538,17.042,10.122,
2011-11-18,13.82,8.238,16.811,6.731,7.408,6.455,16.492,9.807,
2011-11-25,13.207,7.836,15.957,6.383,7.037,6.247,15.729,9.472,
2011-12-02,14.139,8.482,17.251,6.971,7.611,6.599,16.804,9.995,
2011-12-09,13.714,8.494,16.705,6.902,7.734,6.561,16.282,10.016,
2011-12-16,13.491,8.172,16.232,6.566,7.448,6.382,15.911,9.862,
2011-12-23,13.818,8.378,16.468,6.753,7.683,6.358,16.479,10.214,
2011-12-30,13.636,8.361,16.247,6.803,7.629,6.473,16.261,10.13,
2012-01-06,13.634,8.496,16.362,6.842,7.816,6.475,16.336,10.481,
2012-01-13,14.214,8.563,16.845,6.886,7.85,6.516,17.107,10.582,
2012-01-20,14.792,8.824,17.404,7.22,8.037,6.676,17.5,10.774,
2012-01-27,15.061,8.867,17.742,7.25,8.052,6.733,17.796,10.759,
2012-02-03,15.194,9.084,18.046,7.518,8.238,6.768,18.034,10.946,
2012-02-10,15.339,9.052,18.164,7.445,8.208,6.783,18.529,10.828,
2012-02-17,15.719,9.141,18.292,7.573,8.246,6.958,18.779,11.115,
2012-02-24,15.665,9.198,18.367,7.705,8.24,7.071,18.804,11.107,
2012-03-02,15.788,9.199,18.479,7.682,8.246,7.009,18.949,10.943,
2012-03-09,15.485,9.206,18.222,7.595,8.315,7.043,18.674,11.124,
2012-03-16,15.547,9.443,18.275,7.828,8.564,7.177,18.601,11.236,
2012-03-23,15.005,9.361,17.989,7.69,8.55,7.063,17.829,11.143,
2012-03-30,14.98,9.401,17.925,7.65,8.627,7.164,17.823,11.471,
2012-04-06,15.162,9.234,17.845,7.429,8.498,7.022,17.98,11.518,
2012-04-13,15.219,9.071,17.844,7.284,8.315,6.971,18.033,11.168,
2012-04-20,15.246,9.11,17.754,7.448,8.315,6.95,18.046,11.319,
2012-04-27,15.043,9.269,17.66,7.528,8.565,6.899,17.794,11.282,9.996
2012-05-04,15.258,9.024,17.659,7.316,8.291,6.806,17.957,11.071,10.071
2012-05-11,14.457,8.842,16.986,7.195,8.166,6.521,16.982,11.0,9.664
2012-05-18,13.743,8.369,16.032,6.746,7.749,6.27,16.113,10.703,9.287
2012-05-25,13.724,8.435,16.02,6.777,7.856,6.238,16.095,10.837,9.196
2012-06-01,13.839,8.189,15.976,6.54,7.591,6.159,16.232,10.561,9.181
2012-06-08,13.867,8.486,16.072,6.757,7.968,6.145,15.975,10.939,9.151
2012-06-15,14.342,8.589,16.327,6.877,8.037,6.28,16.491,11.074,9.562
2012-06-22,14.105,8.581,16.241,6.904,7.99,6.355,16.096,11.134,9.42
2012-06-29,14.383,8.795,16.549,7.044,8.211,6.534,16.063,11.296,9.629
2012-07-06,14.702,8.765,16.798,7.006,8.146,6.585,16.444,11.22,9.792
2012-07-13,14.24,8.739,16.42,7.052,8.161,6.367,15.988,11.533,9.453
2012-07-20,14.439,8.759,16.658,7.092,8.162,6.309,16.077,11.486,9.722
2012-07-27,14.213,8.917,16.642,7.189,8.392,6.239,15.706,11.566,9.533
2012-08-03,14.399,8.979,16.821,7.346,8.401,6.228,15.931,11.423,9.724
2012-08-10,14.707,9.132,17.222,7.428,8.537,6.424,16.372,11.541,9.938
2012-08-17,14.702,9.262,17.253,7.529,8.684,6.494,16.291,11.539,9.961
2012-08-24,14.593,9.226,17.211,7.497,8.654,6.455,16.214,11.683,9.839
2012-08-31,14.275,9.156,16.979,7.471,8.611,6.261,16.061,11.695,9.656
2012-09-07,14.546,9.389,17.185,7.727,8.854,6.304,16.282,11.883,9.852
2012-09-14,15.152,9.654,17.813,7.998,9.069,6.436,16.937,11.936,10.22
2012-09-21,15.036,9.58,17.755,7.929,8.984,6.417,16.905,12.072,10.289
2012-09-28,15.173,9.416,17.81,7.671,8.845,6.311,17.076,12.035,10.333
2012-10-05,15.341,9.566,17.957,7.892,8.984,6.278,17.319,12.311,10.403
2012-10-12,15.384,9.365,17.75,7.754,8.76,6.141,17.479,12.129,10.471
2012-10-19,15.74,9.466,17.924,7.91,8.802,6.396,17.92,12.188,10.658
2012-10-26,15.719,9.318,17.721,7.77,8.665,6.297,17.795,12.076,10.678
2012-11-02,16.157,9.389,17.985,7.85,8.714,6.337,18.345,12.069,10.964
2012-11-09,15.759,9.203,17.897,7.674,8.491,6.219,17.852,11.815,10.583
2012-11-16,15.636,9.047,17.514,7.456,8.387,6.294,17.587,11.646,10.435
2012-11-23,16.125,9.417,17.984,7.855,8.755,6.446,18.135,11.971,10.864
2012-11-30,16.206,9.509,18.328,7.952,8.8,6.51,18.235,12.02,10.91
2012-12-07,16.387,9.562,18.555,7.995,8.825,6.56,18.475,12.121,10.973
2012-12-14,16.703,9.591,18.767,8.086,8.77,6.592,18.956,12.212,11.189
2012-12-21,16.622,9.717,18.548,8.209,8.948,6.851,19.012,12.249,11.111
2012-12-28,16.776,9.643,18.763,8.167,8.767,7.024,19.23,12.022,11.205
2013-01-04,17.383,9.959,19.139,8.354,9.166,7.165,19.906,12.411,11.498
2013-01-11,17.335,10.034,19.115,8.471,9.233,7.186,19.934,12.64,11.495
2013-01-18,17.672,10.102,19.229,8.456,9.333,7.24,20.178,12.768,11.639
2013-01-25,17.581,10.2,19.115,8.637,9.439,7.246,20.346,12.901,11.636
2013-02-01,17.754,10.276,19.256,8.711,9.485,7.399,20.502,12.967,11.681
2013-02-08,17.379,10.234,19.182,8.589,9.495,7.49,20.006,12.929,11.485
2013-02-15,17.703,10.256,19.388,8.627,9.498,7.311,20.224,12.985,11.555
2013-02-22,17.14,10.199,19.308,8.558,9.424,7.475,19.634,12.982,11.236
2013-03-01,17.287,10.195,19.428,8.511,9.395,7.668,19.834,13.064,11.282
2013-03-08,17.348,10.403,19.54,8.707,9.631,7.805,19.86,13.239,11.402
2013-03-15,16.821,10.476,19.32,8.836,9.688,8.114,19.195,13.362,11.106
2013-03-22,16.775,10.296,18.908,8.653,9.554,7.972,19.126,13.41,10.933
2013-03-29,16.865,10.315,19.145,8.596,9.572,8.031,19.171,13.649,11.029
2013-04-05,16.43,10.158,18.811,8.448,9.416,8.181,18.681,13.655,10.735
2013-04-12,16.757,10.418,19.067,8.637,9.646,8.841,18.978,13.975,10.929
2013-04-19,16.732,10.161,19.057,8.413,9.333,8.595,19.025,13.913,10.9
2013-04-26,17.068,10.408,19.425,8.707,9.501,8.976,19.241,13.947,11.166
2013-05-03,17.212,10.589,19.684,8.939,9.706,8.824,19.39,14.093,11.212
2013-05-10,17.689,10.781,19.823,9.076,9.921,9.09,19.857,14.199,11.527
2013-05-17,17.414,10.893,19.723,9.113,10.059,9.389,19.578,14.362,11.403
2013-05-24,17.115,10.778,19.189,9.013,10.087,8.949,19.284,14.506,11.232
2013-05-31,17.061,10.72,19.053,8.986,10.104,8.56,19.268,14.245,11.132
2013-06-07,16.458,10.651,18.455,8.897,10.191,8.185,18.765,14.257,10.764
2013-06-14,16.06,10.568,18.215,8.842,10.068,8.319,18.123,14.217,10.52
2013-06-21,15.564,10.303,17.504,8.447,9.864,8.524,17.434,13.914,10.202
2013-06-28,15.881,10.39,17.906,8.55,9.889,8.632,17.695,14.004,10.463
2013-07-05,15.818,10.498,17.768,8.561,10.044,8.915,17.531,14.141,10.51
2013-07-12,16.222,10.842,18.271,8.942,10.356,9.094,17.828,14.57,10.653
2013-07-19,16.279,10.952,18.328,9.074,10.469,9.106,17.939,14.694,10.749
2013-07-26,16.756,10.96,18.671,9.054,10.482,8.945,18.401,14.782,11.042
2013-08-02,16.956,11.075,18.577,9.205,10.589,9.172,18.495,14.725,11.114
2013-08-09,16.765,10.983,18.398,9.288,10.463,8.889,18.426,14.736,10.913
2013-08-16,17.229,10.897,18.613,9.272,10.311,8.798,18.928,14.414,11.305
2013-08-23,16.828,10.871,18.109,9.291,10.338,8.718,18.51,14.459,10.982
2013-08-30,16.78,10.626,18.209,8.917,10.145,8.422,18.605,14.201,10.906
2013-09-06,17.251,10.899,18.659,9.216,10.363,8.683,19.065,14.479,11.398
2013-09-13,17.457,11.086,18.995,9.394,10.514,8.909,19.255,14.697,11.544
2013-09-20,17.879,11.318,19.516,9.613,10.703,9.101,19.626,14.944,11.837
2013-09-27,17.67,11.203,19.332,9.559,10.521,9.242,19.479,14.638,11.686
2013-10-04,17.761,11.149,19.413,9.49,10.509,8.919,19.652,14.713,11.66
2013-10-11,17.969,11.214,19.661,9.508,10.548,9.098,19.993,14.741,11.73
2013-10-18,18.122,11.494,20.044,9.748,10.848,9.162,20.174,15.11,11.751
2013-10-25,17.703,11.546,19.859,9.835,10.947,8.991,19.705,15.235,11.456
2013-11-01,18.131,11.478,20.026,9.715,10.892,8.945,20.149,15.297,11.711
2013-11-08,17.7,11.467,19.651,9.668,10.955,8.903,19.767,15.352,11.465
2013-11-15,17.984,11.65,19.719,9.719,11.165,9.312,20.096,15.628,11.605
2013-11-22,18.522,11.72,19.704,9.751,11.276,9.338,20.594,15.799,11.923
2013-11-29,18.781,11.821,19.956,9.907,11.341,9.323,20.844,15.832,12.041
2013-12-06,18.672,11.674,19.656,9.665,11.287,9.107,20.707,15.764,11.989
2013-12-13,18.447,11.513,19.405,9.464,11.138,9.103,20.336,15.386,11.712
2013-12-20,18.067,11.776,19.471,9.764,11.412,9.202,19.881,15.77,11.487
2013-12-27,18.485,11.986,19.739,10.02,11.582,9.366,20.183,15.948,11.708
2014-01-03,18.337,11.928,19.582,9.919,11.537,9.476,19.981,15.9,11.48
2014-01-10,18.325,11.971,19.446,10.01,11.581,9.478,19.809,16.358,11.501
2014-01-17,18.597,12.002,19.468,10.116,11.584,9.475,19.935,16.369,11.649
2014-01-24,17.989,11.702,19.112,9.813,11.28,9.33,19.565,16.015,11.271
2014-01-31,17.698,11.635,18.88,9.71,11.308,9.001,19.065,16.22,11.071
2014-02-07,17.444,11.622,18.779,9.724,11.323,8.81,18.798,16.207,10.867
2014-02-14,17.972,11.819,19.255,10.0,11.465,8.83,19.231,16.675,11.239
2014-02-21,18.068,11.864,19.426,10.121,11.408,9.072,19.261,16.826,11.337
2014-02-28,18.318,11.976,19.636,10.193,11.555,9.026,19.247,16.968,11.46
2014-03-07,18.278,12.073,19.839,10.109,11.731,9.108,19.218,17.015,11.404
2014-03-14,17.407,11.757,19.26,9.812,11.462,8.659,18.583,16.798,10.881
2014-03-21,17.411,11.866,19.166,9.969,11.619,8.525,18.639,16.787,10.828
2014-03-28,17.661,11.906,19.646,10.082,11.507,8.814,18.814,16.654,11.122
2014-04-04,18.146,11.955,19.944,10.222,11.456,8.976,19.277,16.662,11.321
2014-04-11,18.269,11.662,20.087,9.983,11.131,8.53,19.333,16.104,11.568
2014-04-18,18.066,11.858,20.02,10.106,11.379,8.722,19.224,16.408,11.467
2014-04-25,17.741,11.835,19.919,10.118,11.319,8.793,18.873,16.418,11.167
2014-05-02,17.585,11.97,19.805,10.324,11.436,8.889,18.78,16.461,11.238
2014-05-09,17.077,11.887,19.763,10.305,11.305,8.806,18.384,16.549,11.061
2014-05-16,17.747,11.929,20.276,10.271,11.336,8.865,18.793,16.687,11.458
2014-05-23,18.096,12.07,20.433,10.287,11.551,9.02,19.122,16.937,11.656
2014-05-30,18.206,12.19,20.454,10.387,11.695,9.15,19.197,17.175,11.753
2014-06-06,18.232,12.343,20.569,10.446,11.895,9.322,19.38,17.234,11.702
2014-06-13,18.537,12.285,20.566,10.367,11.831,9.409,19.636,16.992,11.925
2014-06-20,18.392,12.386,20.472,10.412,11.967,9.597,19.468,17.233,11.898
2014-06-27,18.485,12.35,20.644,10.241,11.979,9.532,19.583,17.252,11.87
2014-07-04,18.955,12.545,21.1,10.369,12.162,9.724,20.178,17.466,12.118
2014-07-11,18.724,12.285,20.807,10.037,11.954,9.531,20.053,17.198,11.964
2014-07-18,18.782,12.361,20.902,10.09,12.049,9.551,20.102,17.068,12.062
2014-07-25,19.366,12.399,21.194,10.095,12.063,9.688,20.7,17.209,12.46
2014-08-01,19.436,12.11,20.974,9.843,11.725,9.672,20.568,17.044,12.606
2014-08-08,19.306,12.038,20.669,9.635,11.829,9.299,20.421,16.874,12.505
2014-08-15,19.768,12.208,21.191,9.744,11.963,9.578,20.904,17.163,12.823
2014-08-22,19.989,12.391,21.453,9.869,12.209,9.588,21.016,17.367,12.895
2014-08-29,19.691,12.466,21.429,9.979,12.307,9.514,20.796,17.51,12.745
2014-09-05,20.141,12.504,21.518,10.044,12.319,9.606,21.359,17.657,12.99
2014-09-12,19.729,12.4,21.106,9.945,12.245,9.602,20.923,17.639,12.693
2014-09-19,19.48,12.458,20.889,9.987,12.355,9.644,20.633,17.831,12.567
2014-09-26,19.044,12.246,20.367,9.739,12.172,9.678,20.306,17.668,12.244
2014-10-03,18.64,12.043,20.038,9.437,12.072,9.32,19.873,17.654,11.947
2014-10-10,18.67,11.685,19.805,9.109,11.647,9.133,19.836,17.321,11.944
2014-10-17,18.566,11.546,19.632,9.074,11.519,8.702,19.746,16.884,11.941
2014-10-24,18.799,11.92,20.04,9.259,11.975,9.06,19.913,17.791,12.064
2014-10-31,19.307,12.207,20.578,9.424,12.248,9.47,20.521,18.226,12.404
2014-11-07,18.986,12.152,20.277,9.304,12.257,9.473,20.154,18.139,12.177
2014-11-14,19.486,12.25,20.425,9.38,12.348,9.574,20.514,18.36,12.447
2014-11-21,19.01,12.348,20.163,9.622,12.458,9.494,20.103,18.672,12.146
2014-11-28,19.528,12.383,20.408,9.656,12.466,9.517,20.892,19.03,12.39
2014-12-05,19.454,12.376,20.216,9.677,12.444,9.63,20.967,19.291,12.387
2014-12-12,18.928,11.967,19.665,9.246,12.028,9.444,20.439,18.747,12.031
2014-12-19,18.827,12.233,19.64,9.417,12.425,9.451,20.219,19.165,11.978
2014-12-26,18.91,12.305,19.718,9.483,12.499,9.525,20.374,18.93,12.102
2015-01-02,19.566,12.191,20.028,9.34,12.35,9.423,21.349,18.788,12.305
2015-01-09,19.554,12.018,20.001,9.222,12.144,9.282,21.23,19.139,12.378
2015-01-16,19.629,11.848,19.928,9.375,11.811,9.162,21.26,19.286,12.455
2015-01-23,20.051,12.155,20.525,9.7,12.079,9.407,21.674,19.393,12.811
2015-01-30,19.745,11.984,20.282,9.636,11.841,9.397,21.195,19.102,12.654
2015-02-06,19.671,12.309,20.445,9.856,12.292,9.391,21.135,19.328,12.753
2015-02-13,19.72,12.526,20.554,9.99,12.563,9.672,21.507,19.316,12.75
2015-02-20,19.798,12.564,20.611,10.077,12.542,9.913,21.601,19.474,12.8
2015-02-27,19.896,12.686,20.728,10.238,12.626,10.166,21.839,19.795,12.821
2015-03-06,19.516,12.566,20.615,10.088,12.506,10.144,21.32,19.443,12.512
2015-03-13,19.227,12.41,20.138,9.902,12.364,10.305,21.15,19.457,12.332
2015-03-20,19.704,12.746,20.664,10.259,12.69,10.447,21.714,20.534,12.636
2015-03-27,19.796,12.52,20.482,10.092,12.407,10.403,21.764,20.037,12.685
2015-04-03,20.702,12.645,20.827,10.167,12.534,10.473,22.784,19.862,13.097
2015-04-10,22.656,12.91,21.711,10.387,12.745,10.681,24.913,20.38,14.125
2015-04-17,22.958,12.833,21.82,10.242,12.66,10.721,25.541,20.119,14.351
2015-04-24,23.1,13.077,21.952,10.438,12.946,10.922,26.018,20.438,14.527
2015-05-01,23.132,12.93,21.768,10.376,12.782,10.728,25.984,19.925,14.565
2015-05-08,22.576,13.058,21.296,10.61,12.956,10.751,25.255,20.343,14.284
2015-05-15,22.791,13.101,21.605,10.641,12.956,10.901,25.366,20.482,14.409
2015-05-22,23.112,13.169,21.61,10.629,13.027,11.092,25.797,20.62,14.534
2015-05-29,22.748,13.013,21.36,10.415,12.883,11.064,25.376,20.494,14.282
2015-06-05,22.67,13.015,20.875,10.327,13.028,10.933,25.25,20.354,14.176
2015-06-12,22.6,13.037,20.844,10.409,13.039,10.945,25.192,20.439,14.226
2015-06-19,21.892,12.993,20.703,10.316,13.049,10.886,24.337,20.637,13.967
2015-06-26,21.928,13.084,20.825,10.398,13.109,11.082,24.482,20.682,13.99
2015-07-03,21.19,12.868,20.596,10.042,12.921,11.144,23.721,20.366,13.68
2015-07-10,20.247,12.766,19.906,10.148,12.886,10.632,22.755,20.585,13.094
2015-07-17,20.718,13.202,20.339,10.386,13.419,11.052,23.143,20.986,13.372
2015-07-24,20.466,13.012,19.891,10.174,13.238,11.043,22.888,20.47,13.19
2015-07-31,19.803,13.11,19.744,10.367,13.344,11.031,22.149,20.827,12.931
2015-08-07,19.737,13.001,19.507,10.357,13.172,11.142,22.078,20.502,12.878
2015-08-14,19.276,12.97,19.024,10.157,13.298,11.019,21.61,20.554,12.645
2015-08-21,17.785,12.262,17.932,9.669,12.512,10.533,19.807,19.594,11.85
2015-08-28,17.39,12.307,17.861,9.728,12.613,10.465,19.55,19.613,11.492
2015-09-04,16.707,11.864,17.131,9.385,12.215,9.84,18.759,18.908,11.029
2015-09-11,17.354,12.138,17.651,9.554,12.497,10.033,19.665,19.334,11.413
2015-09-18,17.735,12.151,18.223,9.601,12.432,9.927,20.083,19.555,11.667
2015-09-25,17.104,11.909,17.488,9.313,12.282,9.831,19.379,18.536,11.28
2015-10-02,17.446,11.953,17.806,9.337,12.276,9.969,19.805,18.563,11.432
2015-10-09,18.102,12.44,18.628,9.871,12.677,10.355,20.716,18.576,11.89
2015-10-16,18.648,12.512,18.92,9.812,12.802,10.349,21.156,18.945,12.221
2015-10-23,18.728,12.756,19.07,9.939,13.145,10.506,21.21,18.651,12.295
2015-10-30,18.353,12.763,18.68,9.811,13.247,10.689,20.598,19.022,12.026
2015-11-06,18.727,12.936,18.762,9.72,13.628,10.598,20.854,19.186,12.126
2015-11-13,18.329,12.532,18.252,9.427,13.085,10.778,20.359,18.59,11.892
2015-11-20,18.607,12.879,18.676,9.728,13.488,10.875,20.617,19.074,12.069
2015-11-27,18.068,12.836,18.435,9.727,13.459,10.791,19.932,19.128,11.732
2015-12-04,18.238,12.772,18.461,9.565,13.459,10.642,20.33,19.005,11.808
2015-12-11,17.464,12.258,17.845,9.202,12.807,10.594,19.548,18.626,11.413
2015-12-18,17.791,12.26,18.104,9.259,12.74,10.547,20.057,18.795,11.568
2015-12-25,18.044,12.501,18.383,9.496,13.03,10.519,20.418,19.285,11.723
2016-01-01,17.88,12.436,18.388,9.389,12.938,10.647,20.25,19.185,11.616
2016-01-08,16.543,11.551,17.185,8.731,11.936,10.141,18.772,18.207,10.875
2016-01-15,15.656,11.207,16.627,8.47,11.572,9.913,17.68,17.771,10.351
2016-01-22,15.337,11.294,16.585,8.596,11.725,9.605,17.22,17.968,10.15
2016-01-29,15.8,11.515,17.054,8.646,11.97,9.932,17.582,17.754,10.422
2016-02-05,15.443,11.022,16.98,8.421,11.243,9.616,17.231,17.113,10.231
2016-02-12,14.719,10.677,16.22,8.107,11.099,8.56,16.528,17.055,9.725
2016-02-19,15.576,11.041,16.802,8.39,11.397,9.33,17.503,17.456,10.205
2016-02-26,15.609,11.141,16.747,8.39,11.594,9.451,17.37,17.736,10.272
2016-03-04,16.234,11.608,17.599,8.751,12.022,9.934,18.095,17.742,10.702
2016-03-11,16.245,11.67,17.798,8.805,12.076,9.863,18.03,17.943,10.754
2016-03-18,16.663,11.845,18.235,8.927,12.249,9.899,18.572,17.618,10.988
2016-03-25,16.522,11.706,18.06,8.696,12.156,9.901,18.393,17.647,10.799
2016-04-01,16.585,11.822,18.145,8.739,12.385,9.636,18.5,17.98,10.868
2016-04-08,16.617,11.705,18.002,8.724,12.173,9.763,18.424,18.231,10.813
2016-04-15,17.22,12.074,18.629,8.983,12.556,10.295,19.103,18.417,11.307
2016-04-22,17.262,12.206,18.671,9.193,12.663,10.487,18.894,18.775,11.406
2016-04-29,16.9,12.113,18.415,9.119,12.547,10.233,18.524,18.384,11.143
2016-05-06,16.279,11.874,17.933,8.841,12.373,9.938,17.751,18.028,10.646
2016-05-13,15.994,11.833,17.804,8.907,12.297,9.975,17.422,18.209,10.477
2016-05-20,16.055,11.96,17.726,9.013,12.488,10.056,17.46,18.33,10.612
2016-05-27,16.668,12.232,18.279,9.255,12.801,10.103,17.991,18.832,10.955
2016-06-03,16.958,12.219,18.48,9.201,12.723,10.216,18.406,19.085,11.187
2016-06-10,16.989,12.064,18.648,8.917,12.599,10.077,18.5,18.64,11.261
2016-06-17,16.374,11.872,18.149,8.777,12.452,9.613,17.899,18.226,10.84
2016-06-24,16.452,11.65,18.012,8.696,12.171,9.384,17.897,18.033,10.911
2016-07-01,16.87,11.973,18.562,8.941,12.548,9.617,18.402,18.782,11.22
2016-07-08,16.716,12.039,18.509,8.88,12.744,9.487,18.275,19.162,11.107
2016-07-15,17.394,12.33,19.239,9.145,12.979,9.996,19.206,19.297,11.713
2016-07-22,17.684,12.428,19.27,9.247,13.122,10.02,19.33,19.403,11.817
2016-07-29,17.537,12.602,19.506,9.382,13.238,10.257,19.323,19.628,11.789
2016-08-05,17.861,12.628,19.713,9.393,13.33,10.023,19.655,19.659,11.944
2016-08-12,18.421,12.754,20.023,9.581,13.348,10.385,20.217,19.49,12.257
2016-08-19,18.593,12.743,19.999,9.543,13.373,10.176,20.263,19.439,12.36
2016-08-26,18.553,12.731,19.992,9.574,13.358,10.074,20.174,19.131,12.384
2016-09-02,18.792,12.813,19.916,9.721,13.43,10.327,20.33,19.123,12.539
2016-09-09,19.469,12.645,20.211,9.613,13.118,10.44,21.062,18.825,13.037
2016-09-16,18.915,12.611,19.679,9.558,13.208,10.134,20.407,19.097,12.64
2016-09-23,19.283,12.8,20.329,9.676,13.302,10.598,20.9,19.346,12.768
2016-09-30,18.928,12.75,20.14,9.609,13.297,10.406,20.515,18.975,12.58
2016-10-07,19.312,12.735,20.382,9.552,13.299,10.512,20.902,18.878,12.893
2016-10-14,18.831,12.593,19.964,9.457,13.204,10.374,20.479,18.333,12.579
2016-10-21,19.029,12.676,20.155,9.494,13.274,10.584,20.692,18.424,12.659
2016-10-28,18.759,12.522,19.876,9.362,13.085,10.69,20.38,17.652,12.451
2016-11-04,18.353,12.282,19.528,9.17,12.785,10.461,20.093,17.3,12.303
2016-11-11,18.313,12.612,19.424,9.247,13.414,10.508,19.979,18.158,12.223
2016-11-18,18.181,12.581,19.068,9.104,13.525,10.668,19.91,17.783,12.089
2016-11-25,18.424,12.767,19.358,9.185,13.778,10.782,20.281,17.636,12.324
2016-12-02,18.296,12.707,19.367,9.119,13.664,10.862,20.236,17.38,12.237
2016-12-09,18.377,13.114,19.739,9.429,14.184,11.086,20.397,17.566,12.342
2016-12-16,17.786,13.037,19.328,9.489,14.116,11.116,19.848,17.816,11.936
2016-12-23,17.394,13.004,18.96,9.476,14.11,11.143,19.336,17.784,11.694
2016-12-30,17.69,12.981,19.221,9.568,13.982,11.074,19.724,17.783,11.879
2017-01-06,18.052,13.247,19.627,9.675,14.306,11.353,20.166,18.277,12.173
2017-01-13,18.349,13.319,19.956,9.729,14.343,11.367,20.461,18.12,12.414
2017-01-20,18.418,13.243,19.954,9.705,14.21,11.266,20.482,17.772,12.412
2017-01-27,18.874,13.428,20.444,9.731,14.419,11.37,20.838,17.727,12.653
2017-02-03,18.713,13.384,20.457,9.714,14.327,11.291,20.71,18.06,12.489
2017-02-10,19.081,13.488,20.676,9.65,14.506,11.517,21.202,18.261,12.783
2017-02-17,19.35,13.683,20.951,9.744,14.761,11.607,21.542,18.753,13.023
2017-02-24,19.277,13.679,20.965,9.723,14.754,11.64,21.553,18.919,13.047
2017-03-03,18.996,13.763,20.687,9.837,14.946,11.554,21.209,19.076,12.803
2017-03-10,19.0,13.769,20.762,9.864,14.914,11.667,21.24,18.941,12.8
2017-03-17,19.712,13.893,21.514,10.012,14.883,11.739,22.049,18.876,13.201
2017-03-24,19.702,13.742,21.46,10.001,14.582,11.672,22.124,18.778,13.252
2017-03-31,19.471,13.837,21.501,10.037,14.779,11.489,21.812,18.8,13.115
2017-04-07,19.712,13.768,21.531,10.081,14.674,11.347,21.987,18.707,13.167
2017-04-14,19.711,13.682,21.639,10.074,14.502,11.282,22.033,18.693,13.165
2017-04-21,19.568,13.743,21.494,10.019,14.619,11.457,21.936,18.611,13.027
2017-04-28,19.953,14.057,21.914,10.338,14.928,11.628,22.339,19.052,13.374
2017-05-05,19.793,14.203,21.875,10.579,15.062,11.683,22.176,19.222,13.291
2017-05-12,20.289,14.269,22.204,10.585,15.114,11.887,22.688,19.304,13.666
2017-05-19,20.442,14.228,22.105,10.65,15.009,11.832,22.731,19.177,13.718
2017-05-26,20.855,14.347,22.486,10.655,15.168,11.91,23.234,19.238,13.957
2017-06-02,21.032,14.459,22.582,10.738,15.212,12.275,23.404,19.683,14.142
2017-06-09,21.15,14.411,22.678,10.63,15.221,12.116,23.594,19.575,14.221
2017-06-16,20.869,14.366,22.553,10.519,15.212,12.166,23.177,19.655,14.003
2017-06-23,21.053,14.419,22.627,10.515,15.306,12.261,23.574,20.333,14.108
2017-06-30,21.226,14.445,22.812,10.503,15.329,12.191,23.661,19.948,14.133
2017-07-07,21.058,14.436,22.71,10.556,15.358,12.024,23.372,19.811,13.995
2017-07-14,21.907,14.727,23.496,10.732,15.618,12.25,24.176,20.015,14.559
2017-07-21,22.217,14.783,23.754,10.699,15.687,12.333,24.54,20.168,14.745
2017-07-28,22.261,14.841,23.775,10.795,15.744,12.312,24.686,19.89,14.876
2017-08-04,22.725,14.915,23.963,10.895,15.809,12.393,25.123,19.724,15.196
2017-08-11,22.149,14.642,23.387,10.647,15.519,12.318,24.572,19.542,14.869
2017-08-18,22.483,14.603,23.673,10.636,15.416,12.225,24.803,19.401,14.917
2017-08-25,23.148,14.695,24.028,10.666,15.502,12.159,25.515,19.561,15.34
2017-09-01,23.546,14.865,24.268,10.732,15.787,12.245,25.631,20.058,15.451
2017-09-08,23.534,14.838,24.302,10.794,15.64,12.254,25.516,20.424,15.34
2017-09-15,23.812,15.026,24.525,10.838,15.919,12.388,25.744,20.521,15.419
2017-09-22,23.907,15.047,24.43,10.898,15.933,12.528,25.791,20.383,15.443
2017-09-29,23.631,15.08,24.086,10.973,16.006,12.652,25.397,20.338,15.252
2017-10-06,24.501,15.234,24.522,10.97,16.237,12.694,26.123,20.546,15.761
2017-10-13,24.541,15.325,25.036,11.034,16.143,12.892,26.331,20.464,15.785
2017-10-20,24.557,15.351,25.02,10.978,16.255,13.015,26.363,20.566,15.81
2017-10-27,24.437,15.359,24.839,10.904,16.31,13.193,26.406,19.989,15.753
2017-11-03,24.761,15.411,25.319,10.954,16.222,13.232,26.664,19.949,15.873
2017-11-10,25.31,15.35,25.473,10.737,16.175,13.327,27.196,19.79,16.165
2017-11-17,25.381,15.32,25.496,10.685,16.086,13.148,27.198,19.882,16.162
2017-11-24,25.666,15.544,25.892,10.821,16.265,13.303,27.601,20.022,16.533
2017-12-01,24.993,15.49,25.311,10.767,16.472,13.32,26.66,20.243,16.127
2017-12-08,24.773,15.493,25.11,10.763,16.58,13.306,26.284,20.135,15.881
2017-12-15,24.906,15.608,25.306,10.852,16.679,13.388,26.426,20.436,15.99
2017-12-22,25.558,15.726,25.697,11.012,16.713,13.575,26.999,20.35,16.346
2017-12-29,25.837,15.786,26.04,11.13,16.61,13.608,27.252,20.356,16.536
2018-01-05,26.684,16.257,26.833,11.307,17.146,13.99,28.167,20.984,17.03
2018-01-12,27.318,16.511,27.043,11.435,17.488,14.123,28.762,21.097,17.33
2018-01-19,27.825,16.629,27.408,11.423,17.499,14.244,29.56,21.373,17.823
2018-01-26,28.456,16.951,27.974,11.584,17.774,14.478,30.302,22.177,18.345
2018-02-02,27.851,16.43,27.428,11.215,17.057,14.185,29.805,21.045,18.039
2018-02-09,25.151,15.525,25.481,10.586,16.207,13.347,26.923,19.755,16.281
2018-02-16,26.754,16.206,26.575,10.939,16.957,13.466,28.303,20.337,17.161
2018-02-23,27.019,16.288,26.809,10.925,16.986,13.683,28.686,20.278,17.288
2018-03-02,26.366,15.943,26.344,10.657,16.599,13.327,28.012,19.823,16.951
2018-03-09,26.812,16.434,26.762,10.956,17.387,13.245,28.495,20.481,17.169
2018-03-16,27.116,16.375,27.007,10.88,17.154,13.483,28.976,20.318,17.44
2018-03-23,25.931,15.614,26.202,10.601,16.026,13.011,27.812,19.199,16.749
2018-03-30,25.771,15.806,26.15,10.725,16.332,13.269,27.623,19.678,16.665
2018-04-06,25.581,15.701,26.141,10.796,16.131,13.419,27.495,19.46,16.496
2018-04-13,26.233,15.96,26.682,10.997,16.333,13.423,28.003,19.807,17.071
2018-04-20,25.707,16.113,26.532,11.165,16.514,13.534,27.398,19.81,16.82
2018-04-27,25.705,16.029,26.431,11.135,16.311,13.672,27.14,20.074,16.74
2018-05-04,25.437,16.014,26.256,11.126,16.406,13.615,26.966,19.549,16.571
2018-05-11,26.367,16.352,26.846,11.346,16.874,13.686,28.006,20.008,17.226
2018-05-18,26.398,16.244,26.685,11.338,16.816,13.726,28.049,20.029,17.253
2018-05-25,26.259,16.162,26.653,11.158,16.733,13.461,27.888,19.893,17.085
2018-06-01,26.166,16.11,26.433,11.052,16.727,13.291,27.94,19.906,17.019
2018-06-08,26.694,16.299,26.701,11.078,17.035,13.494,28.417,20.083,17.236
2018-06-15,26.239,16.219,26.234,11.025,16.982,13.472,28.029,20.123,16.906
2018-06-22,25.456,16.01,25.785,10.952,16.855,13.21,27.147,20.057,16.418
2018-06-29,24.816,15.774,25.426,10.802,16.659,13.097,26.461,19.778,16.193
2018-07-06,24.166,15.915,25.078,10.898,16.998,12.878,25.802,20.302,15.893
2018-07-13,24.592,16.073,25.359,10.893,17.205,12.977,26.358,20.593,16.079
2018-07-20,24.29,16.115,25.238,10.922,17.213,13.125,26.181,20.642,15.911
2018-07-27,24.694,16.182,25.635,10.978,17.116,13.397,26.73,20.892,16.183
2018-08-03,23.515,16.07,25.081,10.842,17.316,13.187,25.731,21.08,15.574
2018-08-10,24.073,15.993,25.249,10.721,17.373,12.986,26.222,21.02,15.928
2018-08-17,22.764,15.841,24.601,10.592,17.322,12.885,24.912,21.269,15.349
2018-08-24,23.403,16.066,24.977,10.8,17.508,12.853,25.521,21.474,15.592
2018-08-31,23.492,16.206,25.243,10.782,17.724,13.068,25.836,21.621,15.726
2018-09-07,22.617,15.834,24.383,10.563,17.314,12.674,25.129,21.454,15.258
2018-09-14,22.675,16.036,24.488,10.741,17.475,12.94,25.174,21.634,15.449
2018-09-21,23.557,16.173,24.884,10.905,17.407,13.455,25.906,21.706,15.834
2018-09-28,23.342,16.124,24.845,10.883,17.246,13.569,25.851,21.981,15.72
2018-10-05,22.288,15.821,23.821,10.605,17.117,13.436,24.768,21.762,15.087
2018-10-12,21.418,15.203,23.002,10.239,16.364,12.837,23.833,20.872,14.646
2018-10-19,21.218,15.133,22.895,10.17,16.316,12.767,23.614,21.091,14.534
2018-10-26,20.449,14.514,21.856,9.818,15.539,12.168,22.768,20.324,14.065
2018-11-02,22.04,14.909,23.237,10.135,15.799,12.248,24.384,20.796,15.02
2018-11-09,21.33,15.021,23.05,10.134,15.815,12.428,23.661,21.511,14.548
2018-11-16,21.741,14.76,23.058,9.991,15.443,12.178,23.926,21.358,14.846
2018-11-23,21.506,14.36,22.699,9.866,14.948,12.129,23.497,20.929,14.761
2018-11-30,21.989,14.87,23.153,9.926,15.656,12.314,24.035,21.733,15.06
2018-12-07,21.578,14.39,22.777,9.58,14.925,12.073,23.605,20.799,14.78
2018-12-14,21.631,14.215,22.602,9.52,14.619,11.787,23.664,20.482,14.834
2018-12-21,21.099,13.52,22.391,9.334,13.536,11.167,23.153,19.313,14.634
2018-12-28,20.95,13.827,22.488,9.385,14.023,11.2,23.111,19.783,14.463
2019-01-04,20.886,14.052,22.29,9.559,14.489,11.131,22.823,19.864,14.546
2019-01-11,21.744,14.472,23.149,9.653,15.045,11.603,23.817,20.235,15.109
2019-01-18,22.163,14.765,23.41,9.775,15.606,11.71,24.211,20.583,15.361
2019-01-25,22.534,14.835,23.625,9.868,15.689,11.781,24.592,20.326,15.668
2019-02-01,22.887,14.995,23.899,9.921,15.885,11.901,24.916,20.93,15.835
2019-02-08,22.889,14.909,23.878,9.868,15.708,11.78,24.919,20.845,15.861
2019-02-15,22.878,15.197,23.869,10.154,16.123,12.106,24.926,21.537,15.829
2019-02-22,23.797,15.35,24.412,10.283,16.203,12.277,25.874,21.606,16.388
2019-03-01,23.857,15.425,24.402,10.409,16.32,12.202,26.059,21.884,16.385
2019-03-08,23.282,15.116,23.994,10.252,16.052,11.917,25.416,21.215,16.044
2019-03-15,23.805,15.495,24.38,10.618,16.525,12.086,26.062,21.831,16.545
2019-03-22,23.842,15.404,24.656,10.471,16.263,12.319,26.39,21.792,16.542
2019-03-29,23.81,15.521,24.564,10.641,16.492,12.199,26.444,21.977,16.539
2019-04-05,24.583,15.773,24.944,10.868,16.84,12.362,27.22,21.811,17.045
2019-04-12,24.585,15.843,25.016,10.923,17.065,12.229,27.269,21.203,16.986
2019-04-19,24.698,15.843,25.103,11.052,17.114,12.294,27.508,20.25,17.012
2019-04-26,24.181,16.036,24.776,11.189,17.404,12.399,27.04,20.993,16.811
2019-05-03,24.554,16.069,24.928,11.107,17.52,S,27.435,21.138,17.087
2019-05-10,23.254,15.65,23.973,10.74,17.045,11.999,26.017,20.917,16.213
2019-05-17,22.682,15.528,23.433,10.843,16.837,11.945,25.156,20.784,15.93
2019-05-24,22.271,15.376,23.409,10.699,16.552,11.947,24.509,21.152,15.674
2019-05-31,22.15,15.063,23.348,10.42,16.067,11.807,24.477,20.569,15.446
2019-06-07,22.171,15.345,23.431,10.626,16.467,11.936,24.421,21.124,15.471
2019-06-14,22.335,15.546,23.597,10.781,16.721,12.084,24.697,21.36,15.59
2019-06-21,23.374,15.92,24.314,11.009,17.213,12.08,25.96,22.021,16.384
2019-06-28,23.512,15.941,24.55,11.163,17.159,12.17,25.996,21.9,16.436
2019-07-05,23.831,16.07,24.613,11.15,17.345,12.324,26.343,22.002,16.659
2019-07-12,23.557,16.192,24.471,11.071,17.569,12.291,26.192,21.704,16.493
2019-07-19,23.836,16.041,24.581,11.077,17.303,12.22,26.373,21.709,16.632
2019-07-26,23.681,16.247,24.53,11.138,17.653,12.315,26.296,21.819,16.403
2019-08-02,22.531,15.746,23.742,10.783,17.03,12.206,25.017,21.701,15.579
2019-08-09,21.715,15.638,23.278,10.672,16.975,11.945,24.411,21.801,15.043
2019-08-16,21.638,15.396,23.052,10.538,16.679,11.7,24.337,21.579,14.955
2019-08-23,22.156,15.307,23.317,10.618,16.408,11.933,24.86,21.223,15.181
2019-08-30,21.884,15.614,23.437,10.785,16.825,12.016,24.728,21.452,14.951
2019-09-06,22.65,15.889,23.989,11.103,17.07,12.102,25.583,21.501,15.48
2019-09-13,23.13,16.058,24.337,11.137,17.195,12.538,25.997,21.335,15.902
2019-09-20,22.508,15.991,24.317,10.989,17.135,12.595,25.527,21.661,15.418
2019-09-27,22.036,15.765,24.08,10.926,16.76,12.592,25.042,21.121,15.133
2019-10-04,22.001,15.66,23.719,10.696,16.771,12.461,25.049,21.063,15.046
2019-10-11,22.414,15.852,24.068,11.014,16.9,12.493,25.46,21.005,15.382
2019-10-18,22.776,15.973,24.473,11.051,16.957,12.72,25.933,21.292,15.574
2019-10-25,22.795,16.168,24.697,11.266,17.145,12.895,25.928,21.468,15.571
2019-11-01,23.214,16.431,24.984,11.546,17.413,13.086,26.404,22.007,15.811
2019-11-08,23.75,16.544,25.36,11.648,17.493,13.309,26.977,21.981,16.091
2019-11-15,22.739,16.66,25.032,11.762,17.704,13.352,26.152,22.372,15.361
2019-11-22,22.938,16.602,24.883,11.617,17.729,13.309,26.353,22.535,15.493
2019-11-29,22.773,16.757,24.859,11.783,17.973,13.268,26.155,22.869,15.339
2019-12-06,23.015,16.792,24.893,11.904,17.895,13.439,26.438,22.873,15.427
2019-12-13,23.865,16.94,25.654,12.053,17.924,13.535,27.471,22.857,16.127
2019-12-20,23.99,17.163,25.934,12.133,18.271,13.58,27.653,23.483,16.297
2019-12-27,24.266,17.284,26.079,12.27,18.414,13.595,28.028,23.493,16.436
2020-01-03,24.559,17.248,26.017,12.184,18.403,13.624,28.233,23.262,16.58
2020-01-10,24.754,17.411,26.394,12.239,18.689,13.583,28.405,23.416,16.666
2020-01-17,25.307,17.715,26.801,12.484,19.093,13.536,28.822,23.865,16.894
2020-01-24,24.209,17.539,26.39,12.443,18.854,13.572,27.925,23.396,16.256
2020-01-31,22.775,17.097,25.12,11.952,18.542,13.271,26.328,22.873,15.335
2020-02-07,23.739,17.634,25.824,12.467,19.133,13.552,27.348,23.381,15.937
2020-02-14,24.164,17.881,26.291,12.667,19.511,13.338,27.86,23.466,16.195
2020-02-21,23.889,17.614,25.895,12.645,19.191,13.013,27.366,23.521,15.903
2020-02-28,22.908,15.858,24.123,11.318,17.083,11.933,26.302,21.236,15.297
2020-03-06,23.231,15.767,24.259,11.248,16.905,11.658,26.692,22.107,15.321
2020-03-13,21.26,13.941,21.381,9.418,15.488,9.71,24.433,20.434,14.081
2020-03-20,19.804,12.372,19.302,8.965,13.33,9.348,22.948,18.416,13.369
2020-03-27,20.664,13.499,20.18,9.767,14.543,10.884,23.79,19.691,13.744
2020-04-03,20.537,13.065,20.045,9.533,14.021,9.977,23.59,20.201,13.567
2020-04-10,21.497,14.53,21.394,10.516,15.933,10.694,24.62,21.525,14.17
2020-04-17,21.814,14.988,21.923,10.731,16.564,10.928,25.232,22.756,14.193
2020-04-24,21.445,14.82,21.471,10.522,16.469,10.773,24.758,22.928,13.9
2020-05-01,22.227,15.456,22.354,10.944,17.25,11.312,25.573,22.842,14.355
2020-05-08,22.248,15.56,22.261,10.962,17.469,11.32,25.632,22.726,14.146
2020-05-15,22.125,15.255,22.173,10.55,17.169,11.24,25.578,22.947,13.913
2020-05-22,21.451,15.845,22.068,11.287,17.922,11.44,24.993,22.899,13.417
2020-05-29,21.866,16.322,22.745,11.751,18.352,12.123,25.424,23.527,13.443
2020-06-05,23.559,17.179,24.483,12.468,19.163,12.419,27.206,23.295,14.572
2020-06-12,23.284,16.497,23.972,11.858,18.452,12.277,27.075,22.338,14.314
2020-06-19,23.971,16.866,24.375,12.346,18.939,12.423,27.697,23.263,14.521
2020-06-26,24.091,16.555,24.5,12.208,18.418,12.308,27.968,22.821,14.483
2020-07-03,25.226,17.121,25.428,12.474,19.247,12.118,29.118,23.373,15.014
2020-07-10,26.083,17.504,25.754,12.787,19.857,11.979,30.292,23.288,15.256
2020-07-17,25.146,17.582,25.815,12.95,19.744,12.285,29.566,24.128,14.944
2020-07-24,24.936,17.559,25.896,12.942,19.629,12.307,29.575,23.5,14.682
2020-07-31,25.213,17.777,26.431,12.773,20.152,11.735,30.203,23.512,14.621
2020-08-07,25.572,18.17,26.958,13.044,20.599,12.139,30.485,23.727,14.573
2020-08-14,25.713,18.293,27.159,13.129,20.658,12.61,30.377,23.791,14.944
2020-08-21,25.84,18.395,26.86,13.18,20.972,12.524,30.489,23.76,14.925
2020-08-28,26.458,18.992,27.44,13.42,21.902,12.658,31.251,23.879,15.119
2020-09-04,25.92,18.5,26.862,13.043,21.222,12.68,30.716,23.421,14.769
2020-09-11,25.448,18.221,26.713,13.349,20.483,12.836,30.228,23.406,14.617
2020-09-18,25.889,18.261,27.208,13.563,20.209,13.124,30.641,23.989,14.602
2020-09-25,24.659,17.956,26.09,13.082,20.284,12.836,29.292,23.323,13.918
2020-10-02,25.105,18.323,26.47,13.439,20.716,12.836,29.905,23.624,14.044
2020-10-09,25.962,18.969,27.579,13.861,21.477,13.189,30.992,24.29,14.444
2020-10-16,26.132,18.916,27.508,13.781,21.473,13.019,31.053,23.964,14.569
2020-10-23,26.453,18.846,27.753,13.548,21.351,13.089,31.361,23.692,14.856
2020-10-30,26.145,17.807,26.918,12.663,20.056,12.641,30.88,22.549,14.389
2020-11-06,28.118,19.285,28.648,13.792,21.823,13.284,32.723,24.348,15.328
2020-11-13,28.255,19.429,29.187,13.932,21.943,13.478,32.796,24.585,15.575
2020-11-20,28.589,19.418,29.831,14.034,21.718,13.633,33.37,24.004,15.734
2020-11-27,28.814,19.857,30.256,14.081,22.371,14.054,33.504,24.048,16.02
2020-12-04,28.656,20.066,30.788,14.132,22.644,13.885,33.517,24.407,15.963
2020-12-11,28.244,19.925,30.914,14.181,22.33,13.958,33.253,24.367,15.794
2020-12-18,28.504,20.348,31.219,14.697,22.849,14.109,33.615,24.998,15.732
2020-12-25,28.405,20.318,31.178,14.688,22.866,13.947,33.259,24.687,15.729
2021-01-01,29.36,20.599,32.005,14.906,23.091,14.218,34.304,25.117,16.2
2021-01-08,30.489,21.124,33.858,15.351,23.425,14.526,35.926,25.856,16.564
2021-01-15,31.068,20.773,33.845,15.001,22.905,14.559,36.464,26.104,17.011
2021-01-22,32.552,21.271,34.665,15.258,23.624,14.602,38.089,26.42,17.507
2021-01-29,31.03,20.484,32.83,14.855,22.747,14.168,36.447,25.877,16.821
2021-02-05,32.566,21.535,34.537,15.377,24.103,14.889,38.148,26.04,17.418
2021-02-12,34.006,21.892,35.438,15.674,24.403,15.296,39.467,26.182,17.905
2021-02-19,33.882,21.862,35.611,15.853,24.236,15.165,39.578,25.589,18.192
2021-02-26,30.974,21.067,33.869,15.214,23.454,14.664,36.763,24.991,17.258
2021-03-05,30.645,20.963,33.778,14.695,23.515,14.83,36.399,24.878,17.265
2021-03-12,30.538,21.486,33.93,15.434,24.102,15.267,36.198,25.114,17.121
2021-03-19,30.642,21.43,33.665,15.396,23.952,15.77,36.027,25.242,17.221
2021-03-26,29.726,21.47,33.247,15.693,24.033,15.587,35.038,25.499,16.854
2021-04-02,30.45,21.789,33.774,16.021,24.483,15.43,35.965,25.357,17.204
2021-04-09,30.149,22.385,33.916,16.527,25.435,15.531,35.736,25.587,17.106
2021-04-16,30.355,22.61,34.17,16.857,25.638,15.597,35.813,26.113,17.243
2021-04-23,30.725,22.544,34.117,16.913,25.567,15.244,36.304,26.277,17.309
2021-04-30,30.405,22.586,34.303,16.694,25.746,15.034,36.309,25.86,17.044
2021-05-07,29.894,22.695,34.273,16.971,25.616,15.401,35.61,26.287,17.052
2021-05-14,29.037,22.231,33.273,16.552,25.165,15.013,34.054,26.153,16.684
2021-05-21,29.926,22.396,33.905,16.852,25.156,15.375,35.056,26.475,16.939
2021-05-28,30.588,22.765,34.672,17.113,25.592,15.634,35.909,26.403,17.393
2021-06-04,30.607,22.876,34.879,17.215,25.682,15.708,36.043,26.075,17.284
2021-06-11,30.526,23.02,34.89,17.392,25.988,15.555,35.903,26.681,17.258
2021-06-18,30.372,22.742,34.361,17.088,25.902,15.458,35.554,26.464,17.231
2021-06-25,31.106,23.266,34.79,17.562,26.573,15.566,36.261,27.03,17.499
2021-07-02,30.306,23.421,34.301,17.521,27.092,15.54,35.506,27.396,16.978
2021-07-09,29.377,23.463,33.705,17.801,27.252,15.258,34.564,27.449,16.507
2021-07-16,30.169,23.325,34.278,17.807,26.894,15.473,35.468,27.317,16.889
2021-07-23,29.195,23.785,33.777,18.221,27.884,15.209,34.458,27.758,16.448
2021-07-30,27.606,23.588,33.208,18.413,27.445,15.296,32.774,27.81,15.649
2021-08-06,27.809,23.89,33.663,18.72,27.815,15.529,33.035,27.977,15.751
2021-08-13,28.04,23.994,33.369,18.907,27.889,15.853,32.89,28.268,15.865
2021-08-20,26.238,23.535,31.872,18.673,27.615,15.329,30.786,28.76,14.974
2021-08-27,27.189,24.155,32.845,18.989,28.385,15.657,32.217,28.574,15.304
2021-09-03,27.704,24.468,33.745,19.166,28.569,16.454,33.099,28.998,15.641
2021-09-10,28.038,24.319,33.519,19.155,28.232,17.038,33.457,28.076,15.812
2021-09-17,26.526,24.109,32.785,18.952,28.084,17.048,32.074,27.993,15.073
2021-09-24,25.759,24.08,32.459,18.764,28.222,16.916,31.486,28.033,14.651
2021-10-01,26.188,23.089,32.204,17.519,26.966,16.43,31.479,27.243,14.859
2021-10-08,26.325,23.164,32.144,17.308,27.324,15.876,31.736,27.412,15.008
2021-10-15,26.922,23.751,32.703,18.043,27.974,16.193,32.216,27.532,15.298
2021-10-22,27.809,23.974,33.01,18.461,28.156,16.02,33.006,28.269,15.751
2021-10-29,27.015,24.079,32.793,18.653,28.401,15.887,32.337,28.445,15.34
2021-11-05,26.351,24.481,32.672,19.174,28.955,16.275,31.981,28.515,15.082
2021-11-12,26.964,24.527,33.039,19.302,28.903,16.234,32.728,28.595,15.324
2021-11-19,26.844,24.595,33.01,19.41,29.077,16.243,32.798,28.403,15.134
2021-11-26,26.006,23.823,32.05,18.27,28.299,15.86,31.663,28.239,14.606
2021-12-03,25.613,23.361,32.087,17.911,27.538,15.659,31.324,27.907,14.402
2021-12-10,25.768,24.103,32.479,18.564,28.583,15.707,31.598,28.589,14.517
2021-12-17,24.68,23.57,31.918,18.245,27.788,15.626,30.503,29.214,14.052
2021-12-24,24.636,24.033,32.205,18.675,28.458,15.583,30.501,29.615,14.071
2021-12-31,24.723,24.097,32.343,18.974,28.411,15.588,30.721,29.855,14.153
2022-01-07,24.521,23.32,32.258,18.081,27.303,15.634,30.091,28.296,14.223
2022-01-14,25.3,23.126,32.802,17.199,27.189,15.623,30.715,27.983,14.722
2022-01-21,25.773,21.972,32.302,16.81,25.203,15.183,31.051,27.194,15.067
2022-01-28,24.022,21.646,30.927,15.872,25.454,14.707,29.364,27.137,14.243
2022-02-04,24.954,22.069,31.664,16.166,25.838,15.202,30.111,27.511,14.843
2022-02-11,25.221,21.809,31.88,15.968,25.344,15.404,30.433,27.207,15.031
2022-02-18,24.842,21.369,31.75,15.556,24.716,15.109,30.032,26.599,14.706
2022-02-25,23.296,21.376,30.463,15.419,25.183,14.699,28.428,27.169,13.778
2022-03-04,22.268,20.607,30.027,14.281,24.329,14.444,27.475,27.181,13.27
2022-03-11,20.773,20.113,29.262,14.55,23.532,13.932,25.729,26.726,12.527
2022-03-18,21.417,21.564,29.988,15.934,25.548,14.546,26.272,28.428,12.991
2022-03-25,21.171,21.653,30.094,15.504,25.889,14.754,26.025,28.345,12.935
2022-04-01,21.875,21.805,30.434,15.768,26.009,14.601,26.578,28.809,13.341
2022-04-08,21.652,21.227,29.959,15.351,25.205,14.2,26.04,29.795,13.243
2022-04-15,21.273,20.771,29.761,14.972,24.551,14.07,25.751,28.969,13.014
2022-04-22,20.176,20.022,28.903,14.891,23.408,13.928,24.336,27.77,12.487
2022-04-29,20.733,19.436,28.803,14.529,22.559,13.852,24.729,27.232,12.75
2022-05-06,19.568,19.012,27.824,13.587,22.275,13.949,23.479,26.769,12.113
2022-05-13,19.461,18.587,27.269,13.431,21.688,13.684,23.262,26.359,12.028
2022-05-20,20.305,18.317,28.141,13.365,20.947,13.894,24.208,26.837,12.535
2022-05-27,20.261,19.153,28.231,13.86,22.282,14.03,24.037,27.692,12.568
2022-06-03,20.83,19.425,28.763,13.986,22.7,14.084,24.778,27.142,12.815
2022-06-10,21.597,18.202,28.403,13.037,20.786,13.885,25.565,26.016,13.274
2022-06-17,20.9,17.234,27.089,12.077,19.72,13.033,24.583,24.961,12.878
2022-06-24,21.652,18.192,27.398,12.604,21.289,13.294,25.269,26.993,13.221
2022-07-01,21.861,17.556,27.263,12.257,20.21,13.255,25.19,26.82,13.363
2022-07-08,21.752,18.088,27.302,12.504,21.26,13.389,24.906,27.408,13.324
2022-07-15,20.325,17.77,26.694,12.433,20.895,13.233,23.704,27.255,12.502
2022-07-22,20.532,18.444,27.387,13.368,21.667,13.784,24.054,27.262,12.652
2022-07-29,19.983,19.078,27.598,13.842,22.675,13.823,23.517,27.665,12.398
2022-08-05,20.045,19.237,27.742,13.604,23.159,13.78,23.598,27.445,12.406
2022-08-12,19.959,19.727,27.998,13.874,23.888,14.006,23.555,27.93,12.415
2022-08-19,19.557,19.271,27.73,13.45,23.218,13.883,23.317,27.751,12.175
2022-08-26,19.864,18.662,27.654,12.888,22.162,13.804,23.502,26.853,12.397
2022-09-02,19.177,18.03,26.853,12.471,21.32,13.302,22.55,26.237,12.003
2022-09-09,19.154,18.562,26.959,12.719,22.216,13.465,22.491,27.307,11.977
2022-09-16,18.436,17.694,26.411,11.882,20.981,13.28,21.699,26.51,11.619
2022-09-23,17.513,16.782,25.398,11.042,19.895,13.079,20.532,25.435,11.132
2022-09-30,16.846,16.4,24.585,11.219,19.31,12.6,19.839,25.348,10.723
2022-10-07,17.274,16.663,25.212,11.341,19.543,13.052,20.334,25.726,11.009
2022-10-14,16.27,16.196,24.556,11.221,18.837,12.816,19.211,25.706,10.331
2022-10-21,15.873,16.742,24.298,11.455,19.866,12.606,18.532,26.121,10.12
2022-10-28,14.473,17.062,24.121,12.109,20.178,12.827,17.349,27.437,9.321
2022-11-04,15.904,16.587,24.95,12.044,19.044,12.886,18.838,26.998,10.085
2022-11-11,16.92,17.946,26.396,13.914,20.589,13.903,20.184,27.555,10.786
2022-11-18,17.523,17.701,26.602,13.509,20.225,13.618,21.002,27.65,11.18
2022-11-25,17.018,17.903,26.694,13.683,20.441,14.07,20.586,28.146,10.934
2022-12-02,18.217,18.139,27.302,13.803,20.761,13.768,21.817,28.71,11.588
2022-12-09,19.395,17.74,27.389,13.6,20.005,13.841,22.735,28.342,12.342
2022-12-16,18.977,17.408,26.957,13.199,19.591,13.738,22.262,27.891,12.104
2022-12-23,18.992,17.274,26.656,13.034,19.384,13.802,22.058,28.063,12.15
2022-12-30,19.188,17.279,26.79,13.07,19.337,13.826,22.19,28.046,12.283
2023-01-06,20.422,17.507,27.385,13.646,19.483,13.724,23.356,27.992,13.018
2023-01-13,21.248,18.315,28.415,14.373,20.462,14.261,24.416,28.152,13.47
2023-01-20,21.601,18.413,28.799,14.417,20.592,14.288,24.816,27.932,13.659
2023-01-27,22.23,18.859,29.115,14.612,21.234,14.722,25.304,27.78,14.023
2023-02-03,21.199,19.193,29.036,15.42,21.812,14.555,24.959,27.77,13.402
2023-02-10,20.659,18.795,28.593,14.676,21.379,14.7,24.387,27.693,13.107
2023-02-17,20.155,18.697,27.937,14.948,21.298,14.501,23.742,27.573,12.848
2023-02-24,19.392,18.207,27.315,14.495,20.759,14.292,23.09,26.827,12.457
2023-03-03,20.017,18.624,27.548,14.783,21.294,14.621,23.606,26.989,12.778
2023-03-10,18.717,17.971,26.683,14.496,20.314,14.899,22.357,26.07,11.997
2023-03-17,18.884,18.325,26.729,14.366,21.064,14.457,22.62,26.361,12.139
2023-03-24,19.35,18.593,27.191,14.633,21.387,14.421,23.323,26.879,12.35
2023-03-31,19.778,19.228,27.823,15.476,22.109,14.789,23.605,27.386,12.639
2023-04-07,19.646,19.046,27.661,15.064,21.951,14.458,23.375,28.134,12.613
2023-04-14,19.739,19.276,28.094,15.536,22.098,14.753,23.352,28.47,12.709
2023-04-21,19.27,19.195,27.53,15.514,22.098,14.777,22.635,28.513,12.427
2023-04-28,18.979,19.275,27.402,15.472,22.297,14.851,22.332,28.372,12.342
2023-05-05,19.071,19.274,27.468,15.503,22.218,15.097,22.391,28.436,12.438
2023-05-12,18.568,19.222,27.155,15.499,22.235,15.269,21.812,28.259,12.186
2023-05-19,18.429,19.521,27.467,15.601,22.811,15.548,21.934,28.146,12.092
2023-05-26,17.815,19.364,27.074,15.18,22.811,15.288,21.429,27.478,11.706
2023-06-02,18.122,19.953,27.603,15.603,23.656,15.645,21.872,27.882,11.84
2023-06-09,18.502,19.98,27.829,15.476,23.663,15.892,22.099,27.84,12.127
2023-06-16,19.27,20.468,28.732,15.894,24.222,16.22,23.174,28.148,12.544
2023-06-23,18.193,20.102,27.77,15.264,24.017,15.842,22.107,28.062,11.858
2023-06-30,18.261,20.442,27.874,15.765,24.478,15.959,21.947,28.14,11.873
2023-07-07,17.982,20.119,27.459,15.149,24.147,15.857,21.576,27.263,11.634
2023-07-14,18.993,20.921,28.689,16.174,24.894,15.965,22.845,27.864,12.267
2023-07-21,18.585,20.772,28.302,15.874,24.973,15.857,22.279,28.656,12.074
2023-07-28,19.382,21.011,28.681,15.87,25.284,16.083,23.047,28.345,12.576
2023-08-04,19.062,20.6,28.109,15.472,24.822,15.944,22.563,27.873,12.339
2023-08-11,18.487,20.427,27.71,15.398,24.658,15.985,21.875,28.722,12.079
2023-08-18,17.476,19.894,26.929,14.704,24.117,15.591,20.97,28.292,11.383
2023-08-25,17.426,20.055,27.108,14.614,24.357,15.737,20.993,28.434,11.399
2023-09-01,17.863,20.635,27.612,14.97,25.039,16.216,21.439,28.478,11.654
2023-09-08,17.647,20.379,27.289,14.687,24.695,16.544,21.162,28.354,11.565
2023-09-15,17.608,20.372,27.586,14.51,24.729,16.758,21.204,28.281,11.569
2023-09-22,17.479,19.724,26.906,14.039,23.876,16.327,20.801,27.758,11.505
2023-09-29,17.266,19.603,26.883,14.055,23.732,16.062,20.554,27.492,11.342
2023-10-06,16.946,19.577,26.58,14.007,23.851,15.706,20.415,27.664,11.156
2023-10-13,17.207,19.639,26.709,14.012,23.94,15.976,20.632,27.927,11.385
2023-10-20,16.437,19.089,26.042,13.347,23.323,15.564,19.746,27.281,10.918
2023-10-27,16.715,18.728,25.809,13.175,22.71,15.554,19.824,26.451,11.047
2023-11-03,16.926,19.794,26.381,13.973,24.198,16.063,20.203,27.333,11.345
2023-11-10,16.634,19.928,26.395,14.027,24.541,16.062,20.071,27.035,11.023
2023-11-17,16.862,20.537,26.941,14.865,25.136,16.678,20.544,27.471,11.195
2023-11-24,16.954,20.733,27.001,15.092,25.412,16.722,20.673,27.967,11.164
2023-12-01,16.407,20.984,27.154,15.204,25.813,16.89,20.293,28.126,10.698
2023-12-08,15.812,20.997,26.878,15.421,25.884,16.633,19.639,28.059,10.183
2023-12-15,16.205,21.568,27.568,16.008,26.532,16.961,20.039,28.473,10.57
2023-12-22,15.663,21.692,27.533,16.113,26.76,16.922,19.515,28.839,10.196
2023-12-29,16.315,21.86,28.277,16.163,26.818,17.258,20.394,29.155,10.645
2024-01-05,15.849,21.467,27.726,15.685,26.372,17.117,19.569,29.593,10.257
2024-01-12,15.62,21.714,27.562,15.772,26.853,17.777,19.405,30.059,10.052
2024-01-19,14.735,21.69,27.091,15.461,27.121,17.679,18.707,29.653,9.417
2024-01-26,15.242,21.997,27.302,16.075,27.437,17.619,19.155,29.597,9.675
2024-02-02,14.854,22.143,27.499,16.053,27.735,17.89,18.763,30.101,9.263
2024-02-09,15.111,22.446,27.733,16.374,28.193,17.986,19.146,30.543,9.431
2024-02-16,15.628,22.468,28.208,16.626,27.994,18.24,19.693,30.958,9.832
2024-02-23,16.003,22.812,28.666,16.855,28.423,18.51,19.989,31.354,10.023
2024-03-01,15.879,22.978,28.663,16.897,28.668,18.895,19.955,31.254,9.884
2024-03-08,15.666,23.144,29.25,17.295,28.637,19.245,20.067,31.372,9.648
2024-03-15,16.071,23.021,29.086,17.143,28.564,18.744,20.304,31.032,9.856
2024-03-22,15.862,23.42,29.51,17.196,29.185,19.54,20.213,31.081,9.681
2024-03-29,15.867,23.507,29.631,17.172,29.314,19.359,20.162,31.45,9.695
2024-04-05,15.98,23.353,29.819,17.033,29.115,19.064,20.319,30.648,9.702
2024-04-12,16.016,23.067,29.873,16.735,28.723,19.285,20.255,29.967,9.601
2024-04-19,15.549,22.437,28.899,16.447,27.93,18.263,19.42,29.644,9.268
2024-04-26,16.813,23.009,29.778,16.674,28.757,18.457,20.758,30.075,10.179
2024-05-03,17.492,23.217,30.222,16.567,28.968,19.005,21.392,30.137,10.765
2024-05-10,17.939,23.616,30.448,17.203,29.499,18.716,21.743,30.724,11.08
2024-05-17,18.507,24.03,31.094,17.313,30.016,19.198,22.508,31.19,11.524
2024-05-24,17.616,23.979,30.878,17.349,30.026,19.148,21.811,30.976,10.798
2024-05-31,17.131,23.777,30.282,17.172,29.759,19.445,21.283,30.902,10.395
2024-06-07,17.422,23.992,31.08,17.468,30.008,19.35,21.719,31.54,10.576
2024-06-14,17.182,23.975,31.249,16.975,30.23,19.353,21.81,31.475,10.33
2024-06-21,17.111,24.089,31.477,16.941,30.47,19.04,21.938,31.555,10.273
2024-06-28,16.848,24.155,31.547,16.934,30.53,19.664,21.595,31.517,10.08
2024-07-05,17.016,24.533,31.939,17.249,31.053,20.225,21.817,31.29,10.025
2024-07-12,17.507,24.865,32.348,17.541,31.319,20.565,22.367,32.181,10.458
2024-07-19,16.712,24.395,31.603,16.806,30.789,20.561,21.241,31.768,9.946
2024-07-26,16.268,24.2,31.093,16.735,30.754,19.486,20.482,32.006,9.667
2024-08-02,16.151,23.606,30.85,16.2,29.854,18.889,20.138,32.138,9.562
2024-08-09,16.327,23.587,30.648,16.269,29.85,18.649,20.315,32.071,9.765
2024-08-16,16.656,24.512,31.484,16.804,30.943,20.089,20.902,32.662,9.818
2024-08-23,16.801,24.891,31.747,17.215,31.387,20.362,20.975,33.365,9.899
2024-08-30,16.935,24.983,32.023,17.301,31.51,20.727,21.17,33.741,10.256
2024-09-06,16.572,24.311,31.293,16.574,30.707,20.126,20.506,32.888,10.099
2024-09-13,16.543,24.728,31.628,16.895,31.26,20.106,20.609,33.207,10.046
2024-09-20,17.293,25.039,32.368,16.865,31.73,20.313,21.268,32.768,10.583
2024-09-27,19.599,25.508,33.817,17.574,31.867,21.462,23.944,32.192,12.25
2024-10-04,21.491,25.316,33.857,16.943,31.855,20.578,25.642,31.624,13.766
2024-10-11,20.087,25.283,33.55,16.901,31.854,20.781,24.53,31.893,12.676
2024-10-18,19.653,25.46,33.409,16.795,32.295,20.424,24.357,32.108,12.282
2024-10-25,19.385,25.151,32.783,16.564,31.969,19.698,24.123,31.212,12.246
2024-11-01,19.25,24.941,32.345,16.302,31.775,19.703,23.681,30.945,12.093
2024-11-08,19.456,25.733,32.842,16.088,33.124,20.734,24.221,31.433,12.421
2024-11-15,18.263,25.12,31.591,15.697,32.578,20.275,22.842,29.626,11.522
2024-11-22,18.069,25.366,31.903,15.742,33.071,20.146,22.612,30.04,11.397
2024-11-29,18.199,25.678,31.801,15.996,33.456,20.673,22.539,30.786,11.463
2024-12-06,18.63,26.094,32.352,16.519,33.804,21.152,23.232,30.484,11.752
2024-12-13,18.688,25.892,32.301,16.263,33.529,20.974,23.298,29.591,11.799
2024-12-20,18.395,25.238,31.308,15.649,32.801,20.45,22.927,28.626,11.608
2024-12-27,18.659,25.418,31.789,15.794,32.928,21.078,23.302,28.984,11.798
2025-01-03,18.349,25.268,31.632,15.602,32.787,20.927,22.701,28.971,11.613
2025-01-10,17.69,24.917,31.338,15.842,32.271,20.345,22.179,29.108,11.201
2025-01-17,18.144,25.542,31.4,16.223,33.323,20.215,22.607,29.055,11.379
2025-01-24,18.559,26.101,31.902,16.81,33.89,20.773,23.298,30.016,11.659
2025-01-31,18.712,26.045,31.751,16.656,33.95,20.84,23.342,30.36,11.839
2025-02-07,19.44,25.962,32.323,16.828,33.402,21.173,23.986,30.299,12.447
2025-02-14,20.742,26.36,32.479,17.378,33.701,21.255,24.92,30.031,13.259
2025-02-21,20.76,26.384,32.57,17.39,33.689,21.535,25.074,30.048,13.259
